2026-08-17T21:58:54.601+05:30  INFO 4240 --- [e-com] [main] com.achiles.e_com.EComApplication        : Starting EComApplication using Java 17.0.16 with PID 4240 (C:\Users\Lenovo\Downloads\e-com\e-com\target\classes started by Lenovo in C:\Users\Lenovo\Downloads\e-com\e-com)
2026-08-17T21:58:54.604+05:30  INFO 4240 --- [e-com] [main] com.achiles.e_com.EComApplication        : No active profile set, falling back to 1 default profile: "default"
2026-08-17T21:58:55.311+05:30  INFO 4240 --- [e-com] [main] .s.d.r.c.RepositoryConfigurationDelegate : Bootstrapping Spring Data JPA repositories in DEFAULT mode.
2026-08-17T21:58:55.403+05:30  INFO 4240 --- [e-com] [main] .s.d.r.c.RepositoryConfigurationDelegate : Finished Spring Data repository scanning in 86 ms. Found 15 JPA repository interfaces.
2026-08-17T21:58:55.833+05:30  INFO 4240 --- [e-com] [main] o.s.boot.tomcat.TomcatWebServer          : Tomcat initialized with port 8086 (http)
2026-08-17T21:58:55.843+05:30  INFO 4240 --- [e-com] [main] o.apache.catalina.core.StandardService   : Starting service [Tomcat]
2026-08-17T21:58:55.843+05:30  INFO 4240 --- [e-com] [main] o.apache.catalina.core.StandardEngine    : Starting Servlet engine: [Apache Tomcat/11.0.22]
2026-08-17T21:58:55.903+05:30  INFO 4240 --- [e-com] [main] b.w.c.s.WebApplicationContextInitializer : Root WebApplicationContext: initialization completed in 1250 ms
2026-08-17T21:58:56.137+05:30  INFO 4240 --- [e-com] [main] com.zaxxer.hikari.HikariDataSource       : HikariPool-1 - Starting...
2026-08-17T21:58:56.283+05:30  INFO 4240 --- [e-com] [main] com.zaxxer.hikari.pool.HikariPool        : HikariPool-1 - Added connection com.mysql.cj.jdbc.ConnectionImpl@19d53ab4
2026-08-17T21:58:56.291+05:30  INFO 4240 --- [e-com] [main] com.zaxxer.hikari.HikariDataSource       : HikariPool-1 - Start completed.
2026-08-17T21:58:56.302+05:30  INFO 4240 --- [e-com] [main] org.flywaydb.core.FlywayExecutor         : Database: jdbc:mysql://localhost:3306/ecom?createDatabaseIfNotExist=true&useSSL=false&allowPublicKeyRetrieval=true&serverTimezone=UTC (MySQL 5.5)
2026-08-17T21:58:56.444+05:30  WARN 4240 --- [e-com] [main] ConfigServletWebServerApplicationContext : Exception encountered during context initialization - cancelling refresh attempt: org.springframework.beans.factory.BeanCreationException: Error creating bean with name 'entityManagerFactory' defined in class path resource [org/springframework/boot/hibernate/autoconfigure/HibernateJpaConfiguration.class]: Failed to initialize dependency 'flywayInitializer' of LoadTimeWeaverAware bean 'entityManagerFactory': Error creating bean with name 'flywayInitializer' defined in class path resource [org/springframework/boot/flyway/autoconfigure/FlywayAutoConfiguration$FlywayConfiguration.class]: Validate failed: Migrations have failed validation
Migration checksum mismatch for migration version 1
-> Applied to database : -636367511
-> Resolved locally    : -853633383
Either revert the changes to the migration, or run repair to update the schema history.
Need more flexibility with validation rules? Learn more: https://help.red-gate.com/help/flyway-cli12/help_4.aspx?topic=flyway-blog/older-posts/customize-validation-rules-with-ignoremigrationpatterns
2026-08-17T21:58:56.453+05:30  INFO 4240 --- [e-com] [main] com.zaxxer.hikari.HikariDataSource       : HikariPool-1 - Shutdown initiated...
2026-08-17T21:58:56.479+05:30  INFO 4240 --- [e-com] [main] com.zaxxer.hikari.HikariDataSource       : HikariPool-1 - Shutdown completed.
2026-08-17T21:58:56.483+05:30  INFO 4240 --- [e-com] [main] o.apache.catalina.core.StandardService   : Stopping service [Tomcat]
2026-08-17T21:58:56.494+05:30  INFO 4240 --- [e-com] [main] .s.b.a.l.ConditionEvaluationReportLogger : 

Error starting ApplicationContext. To display the condition evaluation report re-run your application with 'debug' enabled.
2026-08-17T21:58:56.504+05:30 ERROR 4240 --- [e-com] [main] o.s.boot.SpringApplication               : Application run failed

org.springframework.beans.factory.BeanCreationException: Error creating bean with name 'entityManagerFactory' defined in class path resource [org/springframework/boot/hibernate/autoconfigure/HibernateJpaConfiguration.class]: Failed to initialize dependency 'flywayInitializer' of LoadTimeWeaverAware bean 'entityManagerFactory': Error creating bean with name 'flywayInitializer' defined in class path resource [org/springframework/boot/flyway/autoconfigure/FlywayAutoConfiguration$FlywayConfiguration.class]: Validate failed: Migrations have failed validation
Migration checksum mismatch for migration version 1
-> Applied to database : -636367511
-> Resolved locally    : -853633383
Either revert the changes to the migration, or run repair to update the schema history.
Need more flexibility with validation rules? Learn more: https://help.red-gate.com/help/flyway-cli12/help_4.aspx?topic=flyway-blog/older-posts/customize-validation-rules-with-ignoremigrationpatterns
	at org.springframework.beans.factory.support.AbstractBeanFactory.doGetBean(AbstractBeanFactory.java:322) ~[spring-beans-7.0.8.jar:7.0.8]
	at org.springframework.beans.factory.support.AbstractBeanFactory.getBean(AbstractBeanFactory.java:201) ~[spring-beans-7.0.8.jar:7.0.8]
	at org.springframework.context.support.AbstractApplicationContext.finishBeanFactoryInitialization(AbstractApplicationContext.java:977) ~[spring-context-7.0.8.jar:7.0.8]
	at org.springframework.context.support.AbstractApplicationContext.refresh(AbstractApplicationContext.java:621) ~[spring-context-7.0.8.jar:7.0.8]
	at org.springframework.boot.web.server.servlet.context.ServletWebServerApplicationContext.refresh(ServletWebServerApplicationContext.java:143) ~[spring-boot-web-server-4.1.0.jar:4.1.0]
	at org.springframework.boot.SpringApplication.refresh(SpringApplication.java:756) ~[spring-boot-4.1.0.jar:4.1.0]
	at org.springframework.boot.SpringApplication.refreshContext(SpringApplication.java:445) ~[spring-boot-4.1.0.jar:4.1.0]
	at org.springframework.boot.SpringApplication.run(SpringApplication.java:321) ~[spring-boot-4.1.0.jar:4.1.0]
	at org.springframework.boot.SpringApplication.run(SpringApplication.java:1365) ~[spring-boot-4.1.0.jar:4.1.0]
	at org.springframework.boot.SpringApplication.run(SpringApplication.java:1354) ~[spring-boot-4.1.0.jar:4.1.0]
	at com.achiles.e_com.EComApplication.main(EComApplication.java:32) ~[classes/:na]
Caused by: org.springframework.beans.factory.BeanCreationException: Error creating bean with name 'flywayInitializer' defined in class path resource [org/springframework/boot/flyway/autoconfigure/FlywayAutoConfiguration$FlywayConfiguration.class]: Validate failed: Migrations have failed validation
Migration checksum mismatch for migration version 1
-> Applied to database : -636367511
-> Resolved locally    : -853633383
Either revert the changes to the migration, or run repair to update the schema history.
Need more flexibility with validation rules? Learn more: https://help.red-gate.com/help/flyway-cli12/help_4.aspx?topic=flyway-blog/older-posts/customize-validation-rules-with-ignoremigrationpatterns
	at org.springframework.beans.factory.support.AbstractAutowireCapableBeanFactory.initializeBean(AbstractAutowireCapableBeanFactory.java:1815) ~[spring-beans-7.0.8.jar:7.0.8]
	at org.springframework.beans.factory.support.AbstractAutowireCapableBeanFactory.doCreateBean(AbstractAutowireCapableBeanFactory.java:603) ~[spring-beans-7.0.8.jar:7.0.8]
	at org.springframework.beans.factory.support.AbstractAutowireCapableBeanFactory.createBean(AbstractAutowireCapableBeanFactory.java:525) ~[spring-beans-7.0.8.jar:7.0.8]
	at org.springframework.beans.factory.support.AbstractBeanFactory.lambda$doGetBean$0(AbstractBeanFactory.java:333) ~[spring-beans-7.0.8.jar:7.0.8]
	at org.springframework.beans.factory.support.DefaultSingletonBeanRegistry.getSingleton(DefaultSingletonBeanRegistry.java:371) ~[spring-beans-7.0.8.jar:7.0.8]
	at org.springframework.beans.factory.support.AbstractBeanFactory.doGetBean(AbstractBeanFactory.java:331) ~[spring-beans-7.0.8.jar:7.0.8]
	at org.springframework.beans.factory.support.AbstractBeanFactory.getBean(AbstractBeanFactory.java:196) ~[spring-beans-7.0.8.jar:7.0.8]
	at org.springframework.beans.factory.support.AbstractBeanFactory.doGetBean(AbstractBeanFactory.java:309) ~[spring-beans-7.0.8.jar:7.0.8]
	... 10 common frames omitted
Caused by: org.flywaydb.core.api.exception.FlywayValidateException: Validate failed: Migrations have failed validation
Migration checksum mismatch for migration version 1
-> Applied to database : -636367511
-> Resolved locally    : -853633383
Either revert the changes to the migration, or run repair to update the schema history.
Need more flexibility with validation rules? Learn more: https://help.red-gate.com/help/flyway-cli12/help_4.aspx?topic=flyway-blog/older-posts/customize-validation-rules-with-ignoremigrationpatterns
	at org.flywaydb.core.Flyway.lambda$migrate$3(Flyway.java:187) ~[flyway-core-12.4.0.jar:na]
	at org.flywaydb.core.FlywayExecutor.execute(FlywayExecutor.java:236) ~[flyway-core-12.4.0.jar:na]
	at org.flywaydb.core.FlywayExecutor.execute(FlywayExecutor.java:120) ~[flyway-core-12.4.0.jar:na]
	at org.flywaydb.core.Flyway.migrate(Flyway.java:181) ~[flyway-core-12.4.0.jar:na]
	at org.springframework.boot.flyway.autoconfigure.FlywayMigrationInitializer.afterPropertiesSet(FlywayMigrationInitializer.java:67) ~[spring-boot-flyway-4.1.0.jar:4.1.0]
	at org.springframework.beans.factory.support.AbstractAutowireCapableBeanFactory.invokeInitMethods(AbstractAutowireCapableBeanFactory.java:1862) ~[spring-beans-7.0.8.jar:7.0.8]
	at org.springframework.beans.factory.support.AbstractAutowireCapableBeanFactory.initializeBean(AbstractAutowireCapableBeanFactory.java:1811) ~[spring-beans-7.0.8.jar:7.0.8]
	... 17 common frames omitted

2026-08-17T22:00:16.463+05:30  INFO 18128 --- [e-com] [main] com.achiles.e_com.EComApplication        : Starting EComApplication using Java 17.0.16 with PID 18128 (C:\Users\Lenovo\Downloads\e-com\e-com\target\classes started by Lenovo in C:\Users\Lenovo\Downloads\e-com\e-com)
2026-08-17T22:00:16.466+05:30  INFO 18128 --- [e-com] [main] com.achiles.e_com.EComApplication        : No active profile set, falling back to 1 default profile: "default"
2026-08-17T22:00:17.124+05:30  INFO 18128 --- [e-com] [main] .s.d.r.c.RepositoryConfigurationDelegate : Bootstrapping Spring Data JPA repositories in DEFAULT mode.
2026-08-17T22:00:17.215+05:30  INFO 18128 --- [e-com] [main] .s.d.r.c.RepositoryConfigurationDelegate : Finished Spring Data repository scanning in 82 ms. Found 15 JPA repository interfaces.
2026-08-17T22:00:17.600+05:30  INFO 18128 --- [e-com] [main] o.s.boot.tomcat.TomcatWebServer          : Tomcat initialized with port 8086 (http)
2026-08-17T22:00:17.611+05:30  INFO 18128 --- [e-com] [main] o.apache.catalina.core.StandardService   : Starting service [Tomcat]
2026-08-17T22:00:17.612+05:30  INFO 18128 --- [e-com] [main] o.apache.catalina.core.StandardEngine    : Starting Servlet engine: [Apache Tomcat/11.0.22]
2026-08-17T22:00:17.656+05:30  INFO 18128 --- [e-com] [main] b.w.c.s.WebApplicationContextInitializer : Root WebApplicationContext: initialization completed in 1147 ms
2026-08-17T22:00:17.842+05:30  INFO 18128 --- [e-com] [main] com.zaxxer.hikari.HikariDataSource       : HikariPool-1 - Starting...
2026-08-17T22:00:18.021+05:30  INFO 18128 --- [e-com] [main] com.zaxxer.hikari.pool.HikariPool        : HikariPool-1 - Added connection com.mysql.cj.jdbc.ConnectionImpl@541d4d9f
2026-08-17T22:00:18.023+05:30  INFO 18128 --- [e-com] [main] com.zaxxer.hikari.HikariDataSource       : HikariPool-1 - Start completed.
2026-08-17T22:00:18.041+05:30  INFO 18128 --- [e-com] [main] org.flywaydb.core.FlywayExecutor         : Database: jdbc:mysql://localhost:3306/ecom?createDatabaseIfNotExist=true&useSSL=false&allowPublicKeyRetrieval=true&serverTimezone=UTC (MySQL 5.5)
2026-08-17T22:00:18.216+05:30  WARN 18128 --- [e-com] [main] ConfigServletWebServerApplicationContext : Exception encountered during context initialization - cancelling refresh attempt: org.springframework.beans.factory.BeanCreationException: Error creating bean with name 'entityManagerFactory' defined in class path resource [org/springframework/boot/hibernate/autoconfigure/HibernateJpaConfiguration.class]: Failed to initialize dependency 'flywayInitializer' of LoadTimeWeaverAware bean 'entityManagerFactory': Error creating bean with name 'flywayInitializer' defined in class path resource [org/springframework/boot/flyway/autoconfigure/FlywayAutoConfiguration$FlywayConfiguration.class]: Validate failed: Migrations have failed validation
Migration checksum mismatch for migration version 1
-> Applied to database : -636367511
-> Resolved locally    : -853633383
Either revert the changes to the migration, or run repair to update the schema history.
Need more flexibility with validation rules? Learn more: https://help.red-gate.com/help/flyway-cli12/help_4.aspx?topic=flyway-blog/older-posts/customize-validation-rules-with-ignoremigrationpatterns
2026-08-17T22:00:18.217+05:30  INFO 18128 --- [e-com] [main] com.zaxxer.hikari.HikariDataSource       : HikariPool-1 - Shutdown initiated...
2026-08-17T22:00:18.223+05:30  INFO 18128 --- [e-com] [main] com.zaxxer.hikari.HikariDataSource       : HikariPool-1 - Shutdown completed.
2026-08-17T22:00:18.227+05:30  INFO 18128 --- [e-com] [main] o.apache.catalina.core.StandardService   : Stopping service [Tomcat]
2026-08-17T22:00:18.242+05:30  INFO 18128 --- [e-com] [main] .s.b.a.l.ConditionEvaluationReportLogger : 

Error starting ApplicationContext. To display the condition evaluation report re-run your application with 'debug' enabled.
2026-08-17T22:00:18.261+05:30 ERROR 18128 --- [e-com] [main] o.s.boot.SpringApplication               : Application run failed

org.springframework.beans.factory.BeanCreationException: Error creating bean with name 'entityManagerFactory' defined in class path resource [org/springframework/boot/hibernate/autoconfigure/HibernateJpaConfiguration.class]: Failed to initialize dependency 'flywayInitializer' of LoadTimeWeaverAware bean 'entityManagerFactory': Error creating bean with name 'flywayInitializer' defined in class path resource [org/springframework/boot/flyway/autoconfigure/FlywayAutoConfiguration$FlywayConfiguration.class]: Validate failed: Migrations have failed validation
Migration checksum mismatch for migration version 1
-> Applied to database : -636367511
-> Resolved locally    : -853633383
Either revert the changes to the migration, or run repair to update the schema history.
Need more flexibility with validation rules? Learn more: https://help.red-gate.com/help/flyway-cli12/help_4.aspx?topic=flyway-blog/older-posts/customize-validation-rules-with-ignoremigrationpatterns
	at org.springframework.beans.factory.support.AbstractBeanFactory.doGetBean(AbstractBeanFactory.java:322) ~[spring-beans-7.0.8.jar:7.0.8]
	at org.springframework.beans.factory.support.AbstractBeanFactory.getBean(AbstractBeanFactory.java:201) ~[spring-beans-7.0.8.jar:7.0.8]
	at org.springframework.context.support.AbstractApplicationContext.finishBeanFactoryInitialization(AbstractApplicationContext.java:977) ~[spring-context-7.0.8.jar:7.0.8]
	at org.springframework.context.support.AbstractApplicationContext.refresh(AbstractApplicationContext.java:621) ~[spring-context-7.0.8.jar:7.0.8]
	at org.springframework.boot.web.server.servlet.context.ServletWebServerApplicationContext.refresh(ServletWebServerApplicationContext.java:143) ~[spring-boot-web-server-4.1.0.jar:4.1.0]
	at org.springframework.boot.SpringApplication.refresh(SpringApplication.java:756) ~[spring-boot-4.1.0.jar:4.1.0]
	at org.springframework.boot.SpringApplication.refreshContext(SpringApplication.java:445) ~[spring-boot-4.1.0.jar:4.1.0]
	at org.springframework.boot.SpringApplication.run(SpringApplication.java:321) ~[spring-boot-4.1.0.jar:4.1.0]
	at org.springframework.boot.SpringApplication.run(SpringApplication.java:1365) ~[spring-boot-4.1.0.jar:4.1.0]
	at org.springframework.boot.SpringApplication.run(SpringApplication.java:1354) ~[spring-boot-4.1.0.jar:4.1.0]
	at com.achiles.e_com.EComApplication.main(EComApplication.java:32) ~[classes/:na]
Caused by: org.springframework.beans.factory.BeanCreationException: Error creating bean with name 'flywayInitializer' defined in class path resource [org/springframework/boot/flyway/autoconfigure/FlywayAutoConfiguration$FlywayConfiguration.class]: Validate failed: Migrations have failed validation
Migration checksum mismatch for migration version 1
-> Applied to database : -636367511
-> Resolved locally    : -853633383
Either revert the changes to the migration, or run repair to update the schema history.
Need more flexibility with validation rules? Learn more: https://help.red-gate.com/help/flyway-cli12/help_4.aspx?topic=flyway-blog/older-posts/customize-validation-rules-with-ignoremigrationpatterns
	at org.springframework.beans.factory.support.AbstractAutowireCapableBeanFactory.initializeBean(AbstractAutowireCapableBeanFactory.java:1815) ~[spring-beans-7.0.8.jar:7.0.8]
	at org.springframework.beans.factory.support.AbstractAutowireCapableBeanFactory.doCreateBean(AbstractAutowireCapableBeanFactory.java:603) ~[spring-beans-7.0.8.jar:7.0.8]
	at org.springframework.beans.factory.support.AbstractAutowireCapableBeanFactory.createBean(AbstractAutowireCapableBeanFactory.java:525) ~[spring-beans-7.0.8.jar:7.0.8]
	at org.springframework.beans.factory.support.AbstractBeanFactory.lambda$doGetBean$0(AbstractBeanFactory.java:333) ~[spring-beans-7.0.8.jar:7.0.8]
	at org.springframework.beans.factory.support.DefaultSingletonBeanRegistry.getSingleton(DefaultSingletonBeanRegistry.java:371) ~[spring-beans-7.0.8.jar:7.0.8]
	at org.springframework.beans.factory.support.AbstractBeanFactory.doGetBean(AbstractBeanFactory.java:331) ~[spring-beans-7.0.8.jar:7.0.8]
	at org.springframework.beans.factory.support.AbstractBeanFactory.getBean(AbstractBeanFactory.java:196) ~[spring-beans-7.0.8.jar:7.0.8]
	at org.springframework.beans.factory.support.AbstractBeanFactory.doGetBean(AbstractBeanFactory.java:309) ~[spring-beans-7.0.8.jar:7.0.8]
	... 10 common frames omitted
Caused by: org.flywaydb.core.api.exception.FlywayValidateException: Validate failed: Migrations have failed validation
Migration checksum mismatch for migration version 1
-> Applied to database : -636367511
-> Resolved locally    : -853633383
Either revert the changes to the migration, or run repair to update the schema history.
Need more flexibility with validation rules? Learn more: https://help.red-gate.com/help/flyway-cli12/help_4.aspx?topic=flyway-blog/older-posts/customize-validation-rules-with-ignoremigrationpatterns
	at org.flywaydb.core.Flyway.lambda$migrate$3(Flyway.java:187) ~[flyway-core-12.4.0.jar:na]
	at org.flywaydb.core.FlywayExecutor.execute(FlywayExecutor.java:236) ~[flyway-core-12.4.0.jar:na]
	at org.flywaydb.core.FlywayExecutor.execute(FlywayExecutor.java:120) ~[flyway-core-12.4.0.jar:na]
	at org.flywaydb.core.Flyway.migrate(Flyway.java:181) ~[flyway-core-12.4.0.jar:na]
	at org.springframework.boot.flyway.autoconfigure.FlywayMigrationInitializer.afterPropertiesSet(FlywayMigrationInitializer.java:67) ~[spring-boot-flyway-4.1.0.jar:4.1.0]
	at org.springframework.beans.factory.support.AbstractAutowireCapableBeanFactory.invokeInitMethods(AbstractAutowireCapableBeanFactory.java:1862) ~[spring-beans-7.0.8.jar:7.0.8]
	at org.springframework.beans.factory.support.AbstractAutowireCapableBeanFactory.initializeBean(AbstractAutowireCapableBeanFactory.java:1811) ~[spring-beans-7.0.8.jar:7.0.8]
	... 17 common frames omitted

2026-08-17T22:02:39.979+05:30  INFO 21580 --- [e-com] [main] com.achiles.e_com.EComApplication        : Starting EComApplication using Java 17.0.16 with PID 21580 (C:\Users\Lenovo\Downloads\e-com\e-com\target\classes started by Lenovo in C:\Users\Lenovo\Downloads\e-com\e-com)
2026-08-17T22:02:39.982+05:30  INFO 21580 --- [e-com] [main] com.achiles.e_com.EComApplication        : No active profile set, falling back to 1 default profile: "default"
2026-08-17T22:02:40.716+05:30  INFO 21580 --- [e-com] [main] .s.d.r.c.RepositoryConfigurationDelegate : Bootstrapping Spring Data JPA repositories in DEFAULT mode.
2026-08-17T22:02:40.830+05:30  INFO 21580 --- [e-com] [main] .s.d.r.c.RepositoryConfigurationDelegate : Finished Spring Data repository scanning in 99 ms. Found 15 JPA repository interfaces.
2026-08-17T22:02:41.278+05:30  INFO 21580 --- [e-com] [main] o.s.boot.tomcat.TomcatWebServer          : Tomcat initialized with port 8086 (http)
2026-08-17T22:02:41.290+05:30  INFO 21580 --- [e-com] [main] o.apache.catalina.core.StandardService   : Starting service [Tomcat]
2026-08-17T22:02:41.291+05:30  INFO 21580 --- [e-com] [main] o.apache.catalina.core.StandardEngine    : Starting Servlet engine: [Apache Tomcat/11.0.22]
2026-08-17T22:02:41.349+05:30  INFO 21580 --- [e-com] [main] b.w.c.s.WebApplicationContextInitializer : Root WebApplicationContext: initialization completed in 1326 ms
2026-08-17T22:02:41.602+05:30  INFO 21580 --- [e-com] [main] com.zaxxer.hikari.HikariDataSource       : HikariPool-1 - Starting...
2026-08-17T22:02:41.812+05:30  INFO 21580 --- [e-com] [main] com.zaxxer.hikari.pool.HikariPool        : HikariPool-1 - Added connection com.mysql.cj.jdbc.ConnectionImpl@51fe7f15
2026-08-17T22:02:41.814+05:30  INFO 21580 --- [e-com] [main] com.zaxxer.hikari.HikariDataSource       : HikariPool-1 - Start completed.
2026-08-17T22:02:41.825+05:30  INFO 21580 --- [e-com] [main] org.flywaydb.core.FlywayExecutor         : Database: jdbc:mysql://localhost:3306/ecom?createDatabaseIfNotExist=true&useSSL=false&allowPublicKeyRetrieval=true&serverTimezone=UTC (MySQL 5.5)
2026-08-17T22:02:41.949+05:30  INFO 21580 --- [e-com] [main] o.f.c.i.s.JdbcTableSchemaHistory         : Schema history table `ecom`.`flyway_schema_history` does not exist yet
2026-08-17T22:02:41.952+05:30  INFO 21580 --- [e-com] [main] o.f.core.internal.command.DbValidate     : Successfully validated 8 migrations (execution time 00:00.023s)
2026-08-17T22:02:42.071+05:30  INFO 21580 --- [e-com] [main] org.flywaydb.core.Flyway                 : All configured schemas are empty; a baseline marker will not be added to Flyway's schema history table. A baseline or migration script with a lower version than the baseline version may execute if available. Check the Schemas parameter if this is not intended. See https://help.red-gate.com/help/flyway-cli12/help_4.aspx?topic=baseline-on-migrate for more info
2026-08-17T22:02:42.080+05:30  INFO 21580 --- [e-com] [main] o.f.c.i.s.JdbcTableSchemaHistory         : Creating Schema History table `ecom`.`flyway_schema_history` ...
2026-08-17T22:02:42.182+05:30  INFO 21580 --- [e-com] [main] o.f.core.internal.command.DbMigrate      : Current version of schema `ecom`: << Empty Schema >>
2026-08-17T22:02:42.213+05:30  INFO 21580 --- [e-com] [main] o.f.core.internal.command.DbMigrate      : Migrating schema `ecom` to version "1 - create user table"
2026-08-17T22:02:42.290+05:30  INFO 21580 --- [e-com] [main] o.f.core.internal.command.DbMigrate      : Migrating schema `ecom` to version "2 - create products and categories"
2026-08-17T22:02:42.377+05:30  INFO 21580 --- [e-com] [main] o.f.core.internal.command.DbMigrate      : Migrating schema `ecom` to version "3 - create cart table"
2026-08-17T22:02:42.465+05:30  INFO 21580 --- [e-com] [main] o.f.core.internal.command.DbMigrate      : Migrating schema `ecom` to version "4 - create address and order table"
2026-08-17T22:02:42.608+05:30  INFO 21580 --- [e-com] [main] o.f.core.internal.command.DbMigrate      : Migrating schema `ecom` to version "5 - create payments and reviews tables"
2026-08-17T22:02:42.759+05:30  INFO 21580 --- [e-com] [main] o.f.core.internal.command.DbMigrate      : Migrating schema `ecom` to version "6 - Create OTP Token"
2026-08-17T22:02:42.813+05:30  INFO 21580 --- [e-com] [main] o.f.core.internal.command.DbMigrate      : Migrating schema `ecom` to version "7 - seller profiles"
2026-08-17T22:02:42.875+05:30  INFO 21580 --- [e-com] [main] o.f.core.internal.command.DbMigrate      : Migrating schema `ecom` to version "8 - Plateform Revenue log Payout"
2026-08-17T22:02:43.091+05:30  INFO 21580 --- [e-com] [main] o.f.core.internal.command.DbMigrate      : Successfully applied 8 migrations to schema `ecom`, now at version v8 (execution time 00:00.522s)
2026-08-17T22:02:43.337+05:30  INFO 21580 --- [e-com] [main] org.hibernate.orm.jpa                    : HHH008540: Processing PersistenceUnitInfo [name: default]
2026-08-17T22:02:43.490+05:30  INFO 21580 --- [e-com] [main] org.hibernate.orm.core                   : HHH000001: Hibernate ORM core version 7.4.1.Final
2026-08-17T22:02:44.436+05:30  INFO 21580 --- [e-com] [main] o.s.o.j.p.SpringPersistenceUnitInfo      : No LoadTimeWeaver setup: ignoring JPA class transformer
2026-08-17T22:02:44.605+05:30  WARN 21580 --- [e-com] [main] org.hibernate.orm.core                   : HHH000511: The 5.5.5 version for [org.hibernate.dialect.MySQLDialect] is no longer supported, hence certain features may not work properly.The minimum supported version is 8.0.0. Check the community dialects project for available legacy versions.
2026-08-17T22:02:44.648+05:30  INFO 21580 --- [e-com] [main] org.hibernate.orm.connections.pooling    : HHH10001005: Database info:
	Database JDBC URL [jdbc:mysql://localhost:3306/ecom?createDatabaseIfNotExist=true&useSSL=false&allowPublicKeyRetrieval=true&serverTimezone=UTC]
	Database driver: MySQL Connector/J
	Database dialect: MySQLDialect
	Database version: 5.5.5
	Default catalog/schema: ecom/undefined
	Autocommit mode: undefined/unknown
	Isolation level: REPEATABLE_READ [default REPEATABLE_READ]
	JDBC fetch size: none
	Pool: DataSourceConnectionProvider
	Minimum pool size: undefined/unknown
	Maximum pool size: undefined/unknown
2026-08-17T22:02:47.341+05:30  INFO 21580 --- [e-com] [main] org.hibernate.orm.core                   : HHH000489: No JTA platform available (set 'hibernate.transaction.jta.platform' to enable JTA platform integration)
2026-08-17T22:02:47.374+05:30  INFO 21580 --- [e-com] [main] j.LocalContainerEntityManagerFactoryBean : Initialized JPA EntityManagerFactory for persistence unit 'default'
2026-08-17T22:02:47.576+05:30  INFO 21580 --- [e-com] [main] o.s.d.j.r.query.QueryEnhancerFactories   : Hibernate is in classpath; If applicable, HQL parser will be used.
2026-08-17T22:02:49.996+05:30  WARN 21580 --- [e-com] [main] JpaBaseConfiguration$JpaWebConfiguration : spring.jpa.open-in-view is enabled by default. Therefore, database queries may be performed during view rendering. Explicitly configure spring.jpa.open-in-view to disable this warning
2026-08-17T22:02:50.217+05:30 DEBUG 21580 --- [e-com] [main] swordEncoderAuthenticationManagerBuilder : No authenticationProviders and no parentAuthenticationManager defined. Returning null.
2026-08-17T22:02:50.719+05:30 DEBUG 21580 --- [e-com] [main] o.s.s.web.DefaultSecurityFilterChain     : Will secure any request with filters: DisableEncodeUrlFilter, WebAsyncManagerIntegrationFilter, SecurityContextHolderFilter, HeaderWriterFilter, CorsFilter, LogoutFilter, OAuth2AuthorizationRequestRedirectFilter, OAuth2LoginAuthenticationFilter, DefaultResourcesFilter, DefaultLoginPageGeneratingFilter, DefaultLogoutPageGeneratingFilter, RequestCacheAwareFilter, SecurityContextHolderAwareRequestFilter, AnonymousAuthenticationFilter, ExceptionTranslationFilter, AuthorizationFilter
2026-08-17T22:02:51.843+05:30  INFO 21580 --- [e-com] [main] o.s.boot.tomcat.TomcatWebServer          : Tomcat started on port 8086 (http) with context path '/'
2026-08-17T22:02:51.868+05:30  INFO 21580 --- [e-com] [main] com.achiles.e_com.EComApplication        : Started EComApplication in 12.314 seconds (process running for 12.884)
2026-08-17T22:04:02.502+05:30  INFO 9260 --- [e-com] [main] com.achiles.e_com.EComApplication        : Starting EComApplication using Java 17.0.16 with PID 9260 (C:\Users\Lenovo\Downloads\e-com\e-com\target\classes started by Lenovo in C:\Users\Lenovo\Downloads\e-com\e-com)
2026-08-17T22:04:02.505+05:30  INFO 9260 --- [e-com] [main] com.achiles.e_com.EComApplication        : No active profile set, falling back to 1 default profile: "default"
2026-08-17T22:04:03.046+05:30  INFO 9260 --- [e-com] [main] .s.d.r.c.RepositoryConfigurationDelegate : Bootstrapping Spring Data JPA repositories in DEFAULT mode.
2026-08-17T22:04:03.136+05:30  INFO 9260 --- [e-com] [main] .s.d.r.c.RepositoryConfigurationDelegate : Finished Spring Data repository scanning in 89 ms. Found 15 JPA repository interfaces.
2026-08-17T22:04:03.518+05:30  INFO 9260 --- [e-com] [main] o.s.boot.tomcat.TomcatWebServer          : Tomcat initialized with port 8086 (http)
2026-08-17T22:04:03.526+05:30  INFO 9260 --- [e-com] [main] o.apache.catalina.core.StandardService   : Starting service [Tomcat]
2026-08-17T22:04:03.526+05:30  INFO 9260 --- [e-com] [main] o.apache.catalina.core.StandardEngine    : Starting Servlet engine: [Apache Tomcat/11.0.22]
2026-08-17T22:04:03.576+05:30  INFO 9260 --- [e-com] [main] b.w.c.s.WebApplicationContextInitializer : Root WebApplicationContext: initialization completed in 1031 ms
2026-08-17T22:04:03.746+05:30  INFO 9260 --- [e-com] [main] com.zaxxer.hikari.HikariDataSource       : HikariPool-1 - Starting...
2026-08-17T22:04:03.878+05:30  INFO 9260 --- [e-com] [main] com.zaxxer.hikari.pool.HikariPool        : HikariPool-1 - Added connection com.mysql.cj.jdbc.ConnectionImpl@5a3cf878
2026-08-17T22:04:03.880+05:30  INFO 9260 --- [e-com] [main] com.zaxxer.hikari.HikariDataSource       : HikariPool-1 - Start completed.
2026-08-17T22:04:03.886+05:30  INFO 9260 --- [e-com] [main] org.flywaydb.core.FlywayExecutor         : Database: jdbc:mysql://localhost:3306/ecom?createDatabaseIfNotExist=true&useSSL=false&allowPublicKeyRetrieval=true&serverTimezone=UTC (MySQL 5.5)
2026-08-17T22:04:04.006+05:30  INFO 9260 --- [e-com] [main] o.f.core.internal.command.DbValidate     : Successfully validated 8 migrations (execution time 00:00.032s)
2026-08-17T22:04:04.016+05:30  INFO 9260 --- [e-com] [main] o.f.core.internal.command.DbMigrate      : Current version of schema `ecom`: 8
2026-08-17T22:04:04.022+05:30  INFO 9260 --- [e-com] [main] o.f.core.internal.command.DbMigrate      : Schema `ecom` is up to date. No migration necessary.
2026-08-17T22:04:04.087+05:30  INFO 9260 --- [e-com] [main] org.hibernate.orm.jpa                    : HHH008540: Processing PersistenceUnitInfo [name: default]
2026-08-17T22:04:04.127+05:30  INFO 9260 --- [e-com] [main] org.hibernate.orm.core                   : HHH000001: Hibernate ORM core version 7.4.1.Final
2026-08-17T22:04:04.418+05:30  INFO 9260 --- [e-com] [main] o.s.o.j.p.SpringPersistenceUnitInfo      : No LoadTimeWeaver setup: ignoring JPA class transformer
2026-08-17T22:04:04.469+05:30  WARN 9260 --- [e-com] [main] org.hibernate.orm.core                   : HHH000511: The 5.5.5 version for [org.hibernate.dialect.MySQLDialect] is no longer supported, hence certain features may not work properly.The minimum supported version is 8.0.0. Check the community dialects project for available legacy versions.
2026-08-17T22:04:04.476+05:30  INFO 9260 --- [e-com] [main] org.hibernate.orm.connections.pooling    : HHH10001005: Database info:
	Database JDBC URL [jdbc:mysql://localhost:3306/ecom?createDatabaseIfNotExist=true&useSSL=false&allowPublicKeyRetrieval=true&serverTimezone=UTC]
	Database driver: MySQL Connector/J
	Database dialect: MySQLDialect
	Database version: 5.5.5
	Default catalog/schema: ecom/undefined
	Autocommit mode: undefined/unknown
	Isolation level: REPEATABLE_READ [default REPEATABLE_READ]
	JDBC fetch size: none
	Pool: DataSourceConnectionProvider
	Minimum pool size: undefined/unknown
	Maximum pool size: undefined/unknown
2026-08-17T22:04:05.356+05:30  INFO 9260 --- [e-com] [main] org.hibernate.orm.core                   : HHH000489: No JTA platform available (set 'hibernate.transaction.jta.platform' to enable JTA platform integration)
2026-08-17T22:04:05.357+05:30  INFO 9260 --- [e-com] [main] j.LocalContainerEntityManagerFactoryBean : Initialized JPA EntityManagerFactory for persistence unit 'default'
2026-08-17T22:04:05.416+05:30  INFO 9260 --- [e-com] [main] o.s.d.j.r.query.QueryEnhancerFactories   : Hibernate is in classpath; If applicable, HQL parser will be used.
2026-08-17T22:04:06.166+05:30  WARN 9260 --- [e-com] [main] JpaBaseConfiguration$JpaWebConfiguration : spring.jpa.open-in-view is enabled by default. Therefore, database queries may be performed during view rendering. Explicitly configure spring.jpa.open-in-view to disable this warning
2026-08-17T22:04:06.222+05:30 DEBUG 9260 --- [e-com] [main] swordEncoderAuthenticationManagerBuilder : No authenticationProviders and no parentAuthenticationManager defined. Returning null.
2026-08-17T22:04:06.356+05:30 DEBUG 9260 --- [e-com] [main] o.s.s.web.DefaultSecurityFilterChain     : Will secure any request with filters: DisableEncodeUrlFilter, WebAsyncManagerIntegrationFilter, SecurityContextHolderFilter, HeaderWriterFilter, CorsFilter, LogoutFilter, OAuth2AuthorizationRequestRedirectFilter, OAuth2LoginAuthenticationFilter, DefaultResourcesFilter, DefaultLoginPageGeneratingFilter, DefaultLogoutPageGeneratingFilter, RequestCacheAwareFilter, SecurityContextHolderAwareRequestFilter, AnonymousAuthenticationFilter, ExceptionTranslationFilter, AuthorizationFilter
2026-08-17T22:04:06.648+05:30  WARN 9260 --- [e-com] [main] ConfigServletWebServerApplicationContext : Exception encountered during context initialization - cancelling refresh attempt: org.springframework.context.ApplicationContextException: Failed to start bean 'webServerStartStop'
2026-08-17T22:04:06.648+05:30  INFO 9260 --- [e-com] [main] j.LocalContainerEntityManagerFactoryBean : Closing JPA EntityManagerFactory for persistence unit 'default'
2026-08-17T22:04:06.648+05:30  INFO 9260 --- [e-com] [main] com.zaxxer.hikari.HikariDataSource       : HikariPool-1 - Shutdown initiated...
2026-08-17T22:04:06.656+05:30  INFO 9260 --- [e-com] [main] com.zaxxer.hikari.HikariDataSource       : HikariPool-1 - Shutdown completed.
2026-08-17T22:04:06.676+05:30  INFO 9260 --- [e-com] [main] .s.b.a.l.ConditionEvaluationReportLogger : 

Error starting ApplicationContext. To display the condition evaluation report re-run your application with 'debug' enabled.
2026-08-17T22:04:06.689+05:30 ERROR 9260 --- [e-com] [main] o.s.b.d.LoggingFailureAnalysisReporter   : 

***************************
APPLICATION FAILED TO START
***************************

Description:

Web server failed to start. Port 8086 was already in use.

Action:

Identify and stop the process that's listening on port 8086 or configure this application to listen on another port.

2026-08-17T22:05:25.969+05:30  INFO 21492 --- [e-com] [main] com.achiles.e_com.EComApplication        : Starting EComApplication using Java 17.0.16 with PID 21492 (C:\Users\Lenovo\Downloads\e-com\e-com\target\classes started by Lenovo in C:\Users\Lenovo\Downloads\e-com\e-com)
2026-08-17T22:05:25.972+05:30  INFO 21492 --- [e-com] [main] com.achiles.e_com.EComApplication        : No active profile set, falling back to 1 default profile: "default"
2026-08-17T22:05:26.540+05:30  INFO 21492 --- [e-com] [main] .s.d.r.c.RepositoryConfigurationDelegate : Bootstrapping Spring Data JPA repositories in DEFAULT mode.
2026-08-17T22:05:26.636+05:30  INFO 21492 --- [e-com] [main] .s.d.r.c.RepositoryConfigurationDelegate : Finished Spring Data repository scanning in 88 ms. Found 15 JPA repository interfaces.
2026-08-17T22:05:27.156+05:30  INFO 21492 --- [e-com] [main] o.s.boot.tomcat.TomcatWebServer          : Tomcat initialized with port 8086 (http)
2026-08-17T22:05:27.167+05:30  INFO 21492 --- [e-com] [main] o.apache.catalina.core.StandardService   : Starting service [Tomcat]
2026-08-17T22:05:27.168+05:30  INFO 21492 --- [e-com] [main] o.apache.catalina.core.StandardEngine    : Starting Servlet engine: [Apache Tomcat/11.0.22]
2026-08-17T22:05:27.221+05:30  INFO 21492 --- [e-com] [main] b.w.c.s.WebApplicationContextInitializer : Root WebApplicationContext: initialization completed in 1213 ms
2026-08-17T22:05:27.433+05:30  INFO 21492 --- [e-com] [main] com.zaxxer.hikari.HikariDataSource       : HikariPool-1 - Starting...
2026-08-17T22:05:27.568+05:30  INFO 21492 --- [e-com] [main] com.zaxxer.hikari.pool.HikariPool        : HikariPool-1 - Added connection com.mysql.cj.jdbc.ConnectionImpl@2e45a357
2026-08-17T22:05:27.570+05:30  INFO 21492 --- [e-com] [main] com.zaxxer.hikari.HikariDataSource       : HikariPool-1 - Start completed.
2026-08-17T22:05:27.581+05:30  INFO 21492 --- [e-com] [main] org.flywaydb.core.FlywayExecutor         : Database: jdbc:mysql://localhost:3306/ecom?createDatabaseIfNotExist=true&useSSL=false&allowPublicKeyRetrieval=true&serverTimezone=UTC (MySQL 5.5)
2026-08-17T22:05:27.714+05:30  INFO 21492 --- [e-com] [main] o.f.core.internal.command.DbValidate     : Successfully validated 8 migrations (execution time 00:00.030s)
2026-08-17T22:05:27.725+05:30  INFO 21492 --- [e-com] [main] o.f.core.internal.command.DbMigrate      : Current version of schema `ecom`: 8
2026-08-17T22:05:27.739+05:30  INFO 21492 --- [e-com] [main] o.f.core.internal.command.DbMigrate      : Schema `ecom` is up to date. No migration necessary.
2026-08-17T22:05:27.864+05:30  INFO 21492 --- [e-com] [main] org.hibernate.orm.jpa                    : HHH008540: Processing PersistenceUnitInfo [name: default]
2026-08-17T22:05:27.910+05:30  INFO 21492 --- [e-com] [main] org.hibernate.orm.core                   : HHH000001: Hibernate ORM core version 7.4.1.Final
2026-08-17T22:05:28.565+05:30  INFO 21492 --- [e-com] [main] o.s.o.j.p.SpringPersistenceUnitInfo      : No LoadTimeWeaver setup: ignoring JPA class transformer
2026-08-17T22:05:28.834+05:30  WARN 21492 --- [e-com] [main] org.hibernate.orm.core                   : HHH000511: The 5.5.5 version for [org.hibernate.dialect.MySQLDialect] is no longer supported, hence certain features may not work properly.The minimum supported version is 8.0.0. Check the community dialects project for available legacy versions.
2026-08-17T22:05:28.902+05:30  INFO 21492 --- [e-com] [main] org.hibernate.orm.connections.pooling    : HHH10001005: Database info:
	Database JDBC URL [jdbc:mysql://localhost:3306/ecom?createDatabaseIfNotExist=true&useSSL=false&allowPublicKeyRetrieval=true&serverTimezone=UTC]
	Database driver: MySQL Connector/J
	Database dialect: MySQLDialect
	Database version: 5.5.5
	Default catalog/schema: ecom/undefined
	Autocommit mode: undefined/unknown
	Isolation level: REPEATABLE_READ [default REPEATABLE_READ]
	JDBC fetch size: none
	Pool: DataSourceConnectionProvider
	Minimum pool size: undefined/unknown
	Maximum pool size: undefined/unknown
2026-08-17T22:05:31.779+05:30  INFO 21492 --- [e-com] [main] org.hibernate.orm.core                   : HHH000489: No JTA platform available (set 'hibernate.transaction.jta.platform' to enable JTA platform integration)
2026-08-17T22:05:31.806+05:30  INFO 21492 --- [e-com] [main] j.LocalContainerEntityManagerFactoryBean : Initialized JPA EntityManagerFactory for persistence unit 'default'
2026-08-17T22:05:31.999+05:30  INFO 21492 --- [e-com] [main] o.s.d.j.r.query.QueryEnhancerFactories   : Hibernate is in classpath; If applicable, HQL parser will be used.
2026-08-17T22:05:34.421+05:30  WARN 21492 --- [e-com] [main] JpaBaseConfiguration$JpaWebConfiguration : spring.jpa.open-in-view is enabled by default. Therefore, database queries may be performed during view rendering. Explicitly configure spring.jpa.open-in-view to disable this warning
2026-08-17T22:05:34.610+05:30 DEBUG 21492 --- [e-com] [main] swordEncoderAuthenticationManagerBuilder : No authenticationProviders and no parentAuthenticationManager defined. Returning null.
2026-08-17T22:05:35.014+05:30 DEBUG 21492 --- [e-com] [main] o.s.s.web.DefaultSecurityFilterChain     : Will secure any request with filters: DisableEncodeUrlFilter, WebAsyncManagerIntegrationFilter, SecurityContextHolderFilter, HeaderWriterFilter, CorsFilter, LogoutFilter, OAuth2AuthorizationRequestRedirectFilter, OAuth2LoginAuthenticationFilter, DefaultResourcesFilter, DefaultLoginPageGeneratingFilter, DefaultLogoutPageGeneratingFilter, RequestCacheAwareFilter, SecurityContextHolderAwareRequestFilter, AnonymousAuthenticationFilter, ExceptionTranslationFilter, AuthorizationFilter
2026-08-17T22:05:36.060+05:30  INFO 21492 --- [e-com] [main] o.s.boot.tomcat.TomcatWebServer          : Tomcat started on port 8086 (http) with context path '/'
2026-08-17T22:05:36.074+05:30  INFO 21492 --- [e-com] [main] com.achiles.e_com.EComApplication        : Started EComApplication in 10.458 seconds (process running for 10.984)
2026-08-17T22:06:04.348+05:30  INFO 21492 --- [e-com] [http-nio-8086-exec-1] o.a.c.c.C.[Tomcat].[localhost].[/]       : Initializing Spring DispatcherServlet 'dispatcherServlet'
2026-08-17T22:06:04.349+05:30  INFO 21492 --- [e-com] [http-nio-8086-exec-1] o.s.web.servlet.DispatcherServlet        : Initializing Servlet 'dispatcherServlet'
2026-08-17T22:06:04.353+05:30  INFO 21492 --- [e-com] [http-nio-8086-exec-1] o.s.web.servlet.DispatcherServlet        : Completed initialization in 2 ms
2026-08-17T22:06:04.375+05:30 DEBUG 21492 --- [e-com] [http-nio-8086-exec-1] o.s.security.web.FilterChainProxy        : Securing GET /oauth2/authorization/google?role=user
2026-08-17T22:06:04.834+05:30  WARN 21492 --- [e-com] [http-nio-8086-exec-1] o.a.c.util.SessionIdGeneratorBase        : Creation of SecureRandom instance for session ID generation using [SHA1PRNG] took [389] milliseconds.
2026-08-17T22:06:04.854+05:30 DEBUG 21492 --- [e-com] [http-nio-8086-exec-1] o.s.s.web.DefaultRedirectStrategy        : Redirecting to https://accounts.google.com/o/oauth2/v2/auth?response_type=code&client_id=505869046781-tub17i3p1ceh7n7o2mt95edtdf1mr3a1.apps.googleusercontent.com&scope=profile%20email&state=9Eb0XsxF0q5O9AHIL8yLLwHdwF_hNmmpV5x54n4fsBY%3D&redirect_uri=http://localhost:8086/login/oauth2/code/google&code_challenge=0ocm1_eds54ck7RWoq-a93MtOM1oB-z7Smpd6OH4rrg&code_challenge_method=S256
2026-08-17T22:09:11.659+05:30 DEBUG 21492 --- [e-com] [http-nio-8086-exec-5] o.s.security.web.FilterChainProxy        : Securing GET /login/oauth2/code/google?state=9Eb0XsxF0q5O9AHIL8yLLwHdwF_hNmmpV5x54n4fsBY%3D&iss=https%3A%2F%2Faccounts.google.com&code=4%2F0ATsMZqB2fVh7D9CD4--v9GZ2rl0Qie8Rwkv_dtLNrvQF3WFVleID9kUkoSkgUC-wBblPuQ&scope=email+profile+https%3A%2F%2Fwww.googleapis.com%2Fauth%2Fuserinfo.profile+https%3A%2F%2Fwww.googleapis.com%2Fauth%2Fuserinfo.email+openid&authuser=1&prompt=consent
2026-08-17T22:09:53.990+05:30 DEBUG 21492 --- [e-com] [http-nio-8086-exec-5] o.s.s.authentication.ProviderManager     : Authentication failed with provider OAuth2LoginAuthenticationProvider since [invalid_token_response] An error occurred while attempting to retrieve the OAuth 2.0 Access Token Response: I/O error on POST request for "https://www.googleapis.com/oauth2/v4/token": null
2026-08-17T22:09:53.993+05:30 DEBUG 21492 --- [e-com] [http-nio-8086-exec-5] .s.a.DefaultAuthenticationEventPublisher : No event was found for the exception org.springframework.security.oauth2.core.OAuth2AuthenticationException
2026-08-17T22:09:53.995+05:30 DEBUG 21492 --- [e-com] [http-nio-8086-exec-5] o.s.s.web.DefaultRedirectStrategy        : Redirecting to /login?error
2026-08-17T22:09:54.011+05:30 DEBUG 21492 --- [e-com] [http-nio-8086-exec-6] o.s.security.web.FilterChainProxy        : Securing GET /login?error
2026-08-17T22:09:54.073+05:30 DEBUG 21492 --- [e-com] [http-nio-8086-exec-7] o.s.security.web.FilterChainProxy        : Securing GET /default-ui.css
2026-08-17T22:09:54.134+05:30 DEBUG 21492 --- [e-com] [http-nio-8086-exec-8] o.s.security.web.FilterChainProxy        : Securing GET /favicon.ico
2026-08-17T22:09:54.142+05:30 DEBUG 21492 --- [e-com] [http-nio-8086-exec-8] o.s.s.w.a.AnonymousAuthenticationFilter  : Set SecurityContextHolder to anonymous SecurityContext
2026-08-17T22:09:54.154+05:30 DEBUG 21492 --- [e-com] [http-nio-8086-exec-8] s.w.a.DelegatingAuthenticationEntryPoint : Trying to match using And [Not [RequestHeaderRequestMatcher [expectedHeaderName=X-Requested-With, expectedHeaderValue=XMLHttpRequest]], Not [And [Or [PathPattern [/login], PathPattern [/favicon.ico]], And [Not [RequestHeaderRequestMatcher [expectedHeaderName=X-Requested-With, expectedHeaderValue=XMLHttpRequest]], MediaTypeRequestMatcher [contentNegotiationStrategy=org.springframework.web.accept.ContentNegotiationManager@3c48e78b, matchingMediaTypes=[application/xhtml+xml, image/*, text/html, text/plain], useEquals=false, ignoredMediaTypes=[*/*]]]]], org.springframework.security.config.annotation.web.configurers.oauth2.client.OAuth2LoginConfigurer$$Lambda$2069/0x00000231c0c1d300@7c535fcd]
2026-08-17T22:09:54.172+05:30 DEBUG 21492 --- [e-com] [http-nio-8086-exec-8] s.w.a.DelegatingAuthenticationEntryPoint : No match found. Using default entry point org.springframework.security.web.authentication.LoginUrlAuthenticationEntryPoint@a58de6f
2026-08-17T22:09:54.178+05:30 DEBUG 21492 --- [e-com] [http-nio-8086-exec-8] o.s.s.web.DefaultRedirectStrategy        : Redirecting to /login
2026-08-17T22:09:54.194+05:30 DEBUG 21492 --- [e-com] [http-nio-8086-exec-9] o.s.security.web.FilterChainProxy        : Securing GET /login
2026-08-17T22:13:41.035+05:30 DEBUG 21492 --- [e-com] [http-nio-8086-exec-3] o.s.security.web.FilterChainProxy        : Securing GET /api/v1/categories
2026-08-17T22:13:41.035+05:30 DEBUG 21492 --- [e-com] [http-nio-8086-exec-2] o.s.security.web.FilterChainProxy        : Securing GET /api/v1/products
2026-08-17T22:13:41.096+05:30 DEBUG 21492 --- [e-com] [http-nio-8086-exec-3] o.s.security.web.FilterChainProxy        : Secured GET /api/v1/categories
2026-08-17T22:13:41.096+05:30 DEBUG 21492 --- [e-com] [http-nio-8086-exec-2] o.s.security.web.FilterChainProxy        : Secured GET /api/v1/products
2026-08-17T22:13:41.666+05:30 DEBUG 21492 --- [e-com] [http-nio-8086-exec-3] o.s.s.w.a.AnonymousAuthenticationFilter  : Set SecurityContextHolder to anonymous SecurityContext
2026-08-17T22:13:41.666+05:30 DEBUG 21492 --- [e-com] [http-nio-8086-exec-2] o.s.s.w.a.AnonymousAuthenticationFilter  : Set SecurityContextHolder to anonymous SecurityContext
2026-08-17T22:13:41.669+05:30 DEBUG 21492 --- [e-com] [http-nio-8086-exec-4] o.s.security.web.FilterChainProxy        : Securing GET /api/v1/products
2026-08-17T22:13:41.672+05:30 DEBUG 21492 --- [e-com] [http-nio-8086-exec-5] o.s.security.web.FilterChainProxy        : Securing GET /api/v1/categories
2026-08-17T22:13:41.674+05:30 DEBUG 21492 --- [e-com] [http-nio-8086-exec-4] o.s.security.web.FilterChainProxy        : Secured GET /api/v1/products
2026-08-17T22:13:41.678+05:30 DEBUG 21492 --- [e-com] [http-nio-8086-exec-5] o.s.security.web.FilterChainProxy        : Secured GET /api/v1/categories
2026-08-17T22:13:41.706+05:30 DEBUG 21492 --- [e-com] [http-nio-8086-exec-5] o.s.s.w.a.AnonymousAuthenticationFilter  : Set SecurityContextHolder to anonymous SecurityContext
2026-08-17T22:13:41.707+05:30 DEBUG 21492 --- [e-com] [http-nio-8086-exec-4] o.s.s.w.a.AnonymousAuthenticationFilter  : Set SecurityContextHolder to anonymous SecurityContext
2026-08-17T22:16:18.176+05:30 DEBUG 21492 --- [e-com] [http-nio-8086-exec-10] o.s.security.web.FilterChainProxy        : Securing OPTIONS /api/v1/auth/login
2026-08-17T22:16:18.490+05:30 DEBUG 21492 --- [e-com] [http-nio-8086-exec-1] o.s.security.web.FilterChainProxy        : Securing POST /api/v1/auth/login
2026-08-17T22:16:18.494+05:30 DEBUG 21492 --- [e-com] [http-nio-8086-exec-1] o.s.security.web.FilterChainProxy        : Secured POST /api/v1/auth/login
2026-08-17T22:16:18.747+05:30 DEBUG 21492 --- [e-com] [http-nio-8086-exec-1] o.s.s.w.a.AnonymousAuthenticationFilter  : Set SecurityContextHolder to anonymous SecurityContext
2026-08-17T22:16:19.242+05:30 DEBUG 21492 --- [e-com] [http-nio-8086-exec-2] o.s.security.web.FilterChainProxy        : Securing OPTIONS /api/v1/categories
2026-08-17T22:16:19.244+05:30 DEBUG 21492 --- [e-com] [http-nio-8086-exec-3] o.s.security.web.FilterChainProxy        : Securing OPTIONS /api/v1/products
2026-08-17T22:16:19.246+05:30 DEBUG 21492 --- [e-com] [http-nio-8086-exec-4] o.s.security.web.FilterChainProxy        : Securing OPTIONS /api/v1/categories
2026-08-17T22:16:19.246+05:30 DEBUG 21492 --- [e-com] [http-nio-8086-exec-5] o.s.security.web.FilterChainProxy        : Securing GET /api/v1/categories
2026-08-17T22:16:19.248+05:30 DEBUG 21492 --- [e-com] [http-nio-8086-exec-8] o.s.security.web.FilterChainProxy        : Securing OPTIONS /api/v1/products
2026-08-17T22:16:19.249+05:30 DEBUG 21492 --- [e-com] [http-nio-8086-exec-6] o.s.security.web.FilterChainProxy        : Securing GET /api/v1/products
2026-08-17T22:16:19.251+05:30 DEBUG 21492 --- [e-com] [http-nio-8086-exec-5] o.s.security.web.FilterChainProxy        : Secured GET /api/v1/categories
2026-08-17T22:16:19.252+05:30 DEBUG 21492 --- [e-com] [http-nio-8086-exec-6] o.s.security.web.FilterChainProxy        : Secured GET /api/v1/products
2026-08-17T22:16:19.267+05:30 DEBUG 21492 --- [e-com] [http-nio-8086-exec-5] o.s.s.w.a.AnonymousAuthenticationFilter  : Set SecurityContextHolder to anonymous SecurityContext
2026-08-17T22:16:19.271+05:30 DEBUG 21492 --- [e-com] [http-nio-8086-exec-9] o.s.security.web.FilterChainProxy        : Securing GET /api/v1/categories
2026-08-17T22:16:19.272+05:30 DEBUG 21492 --- [e-com] [http-nio-8086-exec-6] o.s.s.w.a.AnonymousAuthenticationFilter  : Set SecurityContextHolder to anonymous SecurityContext
2026-08-17T22:16:19.275+05:30 DEBUG 21492 --- [e-com] [http-nio-8086-exec-9] o.s.security.web.FilterChainProxy        : Secured GET /api/v1/categories
2026-08-17T22:16:19.277+05:30 DEBUG 21492 --- [e-com] [http-nio-8086-exec-6] o.s.security.web.FilterChainProxy        : Securing GET /api/v1/products
2026-08-17T22:16:19.279+05:30 DEBUG 21492 --- [e-com] [http-nio-8086-exec-6] o.s.security.web.FilterChainProxy        : Secured GET /api/v1/products
2026-08-17T22:16:19.294+05:30 DEBUG 21492 --- [e-com] [http-nio-8086-exec-9] o.s.s.w.a.AnonymousAuthenticationFilter  : Set SecurityContextHolder to anonymous SecurityContext
2026-08-17T22:16:19.299+05:30 DEBUG 21492 --- [e-com] [http-nio-8086-exec-6] o.s.s.w.a.AnonymousAuthenticationFilter  : Set SecurityContextHolder to anonymous SecurityContext
2026-08-17T22:16:24.813+05:30 DEBUG 21492 --- [e-com] [http-nio-8086-exec-10] o.s.security.web.FilterChainProxy        : Securing GET /api/v1/products
2026-08-17T22:16:24.813+05:30 DEBUG 21492 --- [e-com] [http-nio-8086-exec-7] o.s.security.web.FilterChainProxy        : Securing GET /api/v1/categories
2026-08-17T22:16:24.816+05:30 DEBUG 21492 --- [e-com] [http-nio-8086-exec-7] o.s.security.web.FilterChainProxy        : Secured GET /api/v1/categories
2026-08-17T22:16:24.818+05:30 DEBUG 21492 --- [e-com] [http-nio-8086-exec-10] o.s.security.web.FilterChainProxy        : Secured GET /api/v1/products
2026-08-17T22:16:24.837+05:30 DEBUG 21492 --- [e-com] [http-nio-8086-exec-7] o.s.s.w.a.AnonymousAuthenticationFilter  : Set SecurityContextHolder to anonymous SecurityContext
2026-08-17T22:16:24.841+05:30 DEBUG 21492 --- [e-com] [http-nio-8086-exec-10] o.s.s.w.a.AnonymousAuthenticationFilter  : Set SecurityContextHolder to anonymous SecurityContext
2026-08-17T22:16:24.890+05:30 DEBUG 21492 --- [e-com] [http-nio-8086-exec-2] o.s.security.web.FilterChainProxy        : Securing GET /api/v1/categories
2026-08-17T22:16:24.890+05:30 DEBUG 21492 --- [e-com] [http-nio-8086-exec-1] o.s.security.web.FilterChainProxy        : Securing GET /api/v1/products
2026-08-17T22:16:24.893+05:30 DEBUG 21492 --- [e-com] [http-nio-8086-exec-1] o.s.security.web.FilterChainProxy        : Secured GET /api/v1/products
2026-08-17T22:16:24.893+05:30 DEBUG 21492 --- [e-com] [http-nio-8086-exec-2] o.s.security.web.FilterChainProxy        : Secured GET /api/v1/categories
2026-08-17T22:16:24.909+05:30 DEBUG 21492 --- [e-com] [http-nio-8086-exec-1] o.s.s.w.a.AnonymousAuthenticationFilter  : Set SecurityContextHolder to anonymous SecurityContext
2026-08-17T22:16:24.911+05:30 DEBUG 21492 --- [e-com] [http-nio-8086-exec-2] o.s.s.w.a.AnonymousAuthenticationFilter  : Set SecurityContextHolder to anonymous SecurityContext
2026-08-17T22:16:24.915+05:30 DEBUG 21492 --- [e-com] [http-nio-8086-exec-2] o.s.security.web.FilterChainProxy        : Securing GET /api/v1/categories
2026-08-17T22:16:24.913+05:30 DEBUG 21492 --- [e-com] [http-nio-8086-exec-3] o.s.security.web.FilterChainProxy        : Securing GET /api/v1/products
2026-08-17T22:16:24.926+05:30 DEBUG 21492 --- [e-com] [http-nio-8086-exec-3] o.s.security.web.FilterChainProxy        : Secured GET /api/v1/products
2026-08-17T22:16:24.921+05:30 DEBUG 21492 --- [e-com] [http-nio-8086-exec-2] o.s.security.web.FilterChainProxy        : Secured GET /api/v1/categories
2026-08-17T22:16:24.957+05:30 DEBUG 21492 --- [e-com] [http-nio-8086-exec-3] o.s.s.w.a.AnonymousAuthenticationFilter  : Set SecurityContextHolder to anonymous SecurityContext
2026-08-17T22:16:24.959+05:30 DEBUG 21492 --- [e-com] [http-nio-8086-exec-2] o.s.s.w.a.AnonymousAuthenticationFilter  : Set SecurityContextHolder to anonymous SecurityContext
2026-08-17T22:16:29.792+05:30 DEBUG 21492 --- [e-com] [http-nio-8086-exec-4] o.s.security.web.FilterChainProxy        : Securing GET /oauth2/authorization/google?role=user
2026-08-17T22:16:29.794+05:30 DEBUG 21492 --- [e-com] [http-nio-8086-exec-4] o.s.s.web.DefaultRedirectStrategy        : Redirecting to https://accounts.google.com/o/oauth2/v2/auth?response_type=code&client_id=505869046781-tub17i3p1ceh7n7o2mt95edtdf1mr3a1.apps.googleusercontent.com&scope=profile%20email&state=F6LbZ9ZVfVZtVHhgJbxiRl9N4kJGFPHojtkqTZi4Ik4%3D&redirect_uri=http://localhost:8086/login/oauth2/code/google&code_challenge=zQRcTlxlh3NQ02CIowmLkAMsd8xJiVZWWtQlrPa6gxU&code_challenge_method=S256
2026-08-17T22:20:11.119+05:30 DEBUG 21492 --- [e-com] [http-nio-8086-exec-4] o.s.security.web.FilterChainProxy        : Securing GET /api/v1/products
2026-08-17T22:20:11.119+05:30 DEBUG 21492 --- [e-com] [http-nio-8086-exec-2] o.s.security.web.FilterChainProxy        : Securing GET /api/v1/categories
2026-08-17T22:20:11.125+05:30 DEBUG 21492 --- [e-com] [http-nio-8086-exec-2] o.s.security.web.FilterChainProxy        : Secured GET /api/v1/categories
2026-08-17T22:20:11.125+05:30 DEBUG 21492 --- [e-com] [http-nio-8086-exec-4] o.s.security.web.FilterChainProxy        : Secured GET /api/v1/products
2026-08-17T22:20:11.141+05:30 DEBUG 21492 --- [e-com] [http-nio-8086-exec-2] o.s.s.w.a.AnonymousAuthenticationFilter  : Set SecurityContextHolder to anonymous SecurityContext
2026-08-17T22:20:11.141+05:30 DEBUG 21492 --- [e-com] [http-nio-8086-exec-4] o.s.s.w.a.AnonymousAuthenticationFilter  : Set SecurityContextHolder to anonymous SecurityContext
2026-08-17T22:20:11.149+05:30 DEBUG 21492 --- [e-com] [http-nio-8086-exec-9] o.s.security.web.FilterChainProxy        : Securing GET /api/v1/categories
2026-08-17T22:20:11.149+05:30 DEBUG 21492 --- [e-com] [http-nio-8086-exec-6] o.s.security.web.FilterChainProxy        : Securing GET /api/v1/products
2026-08-17T22:20:11.153+05:30 DEBUG 21492 --- [e-com] [http-nio-8086-exec-6] o.s.security.web.FilterChainProxy        : Secured GET /api/v1/products
2026-08-17T22:20:11.154+05:30 DEBUG 21492 --- [e-com] [http-nio-8086-exec-9] o.s.security.web.FilterChainProxy        : Secured GET /api/v1/categories
2026-08-17T22:20:11.162+05:30 DEBUG 21492 --- [e-com] [http-nio-8086-exec-6] o.s.s.w.a.AnonymousAuthenticationFilter  : Set SecurityContextHolder to anonymous SecurityContext
2026-08-17T22:20:11.162+05:30 DEBUG 21492 --- [e-com] [http-nio-8086-exec-9] o.s.s.w.a.AnonymousAuthenticationFilter  : Set SecurityContextHolder to anonymous SecurityContext
2026-08-17T22:20:19.043+05:30 DEBUG 21492 --- [e-com] [http-nio-8086-exec-5] o.s.security.web.FilterChainProxy        : Securing GET /oauth2/authorization/google?role=user
2026-08-17T22:20:19.044+05:30 DEBUG 21492 --- [e-com] [http-nio-8086-exec-5] o.s.s.web.DefaultRedirectStrategy        : Redirecting to https://accounts.google.com/o/oauth2/v2/auth?response_type=code&client_id=505869046781-tub17i3p1ceh7n7o2mt95edtdf1mr3a1.apps.googleusercontent.com&scope=profile%20email&state=1Qur7kzyPH13vE16A1QLvRWn4au4Yj7hUk4dZM4G_rU%3D&redirect_uri=http://localhost:8086/login/oauth2/code/google&code_challenge=SRQWW9BHFXH7WlC0hOLRa78sJ_qxG0j-FAB5CJI1x78&code_challenge_method=S256
2026-08-17T22:20:27.139+05:30 DEBUG 21492 --- [e-com] [http-nio-8086-exec-8] o.s.security.web.FilterChainProxy        : Securing GET /login/oauth2/code/google?state=1Qur7kzyPH13vE16A1QLvRWn4au4Yj7hUk4dZM4G_rU%3D&iss=https%3A%2F%2Faccounts.google.com&code=4%2F0ATsMZqDTatKDhMDf_41J0SLAa4XNkRyQ9q6b3dje3FKFE8BPfNw1ho1fDz-uAzWSyYYQyw&scope=email+profile+https%3A%2F%2Fwww.googleapis.com%2Fauth%2Fuserinfo.profile+https%3A%2F%2Fwww.googleapis.com%2Fauth%2Fuserinfo.email+openid&authuser=1&prompt=consent
2026-08-17T22:21:00.203+05:30 DEBUG 21492 --- [e-com] [http-nio-8086-exec-7] o.s.security.web.FilterChainProxy        : Securing GET /login/oauth2/code/google?state=F6LbZ9ZVfVZtVHhgJbxiRl9N4kJGFPHojtkqTZi4Ik4%3D&iss=https%3A%2F%2Faccounts.google.com&code=4%2F0ATsMZqA1Jai6M5RegZHY8wUAafnbdkvZpJ1JxrRAjOS9VzRKwfY0XJhLz5YvxiuT3wzkSQ&scope=email+profile+https%3A%2F%2Fwww.googleapis.com%2Fauth%2Fuserinfo.profile+https%3A%2F%2Fwww.googleapis.com%2Fauth%2Fuserinfo.email+openid&authuser=1&prompt=consent
2026-08-17T22:21:00.204+05:30 DEBUG 21492 --- [e-com] [http-nio-8086-exec-7] o.s.s.web.DefaultRedirectStrategy        : Redirecting to /login?error
2026-08-17T22:21:00.207+05:30 DEBUG 21492 --- [e-com] [http-nio-8086-exec-10] o.s.security.web.FilterChainProxy        : Securing GET /login?error
2026-08-17T22:21:00.272+05:30 DEBUG 21492 --- [e-com] [http-nio-8086-exec-1] o.s.security.web.FilterChainProxy        : Securing GET /default-ui.css
2026-08-17T22:21:00.292+05:30 DEBUG 21492 --- [e-com] [http-nio-8086-exec-3] o.s.security.web.FilterChainProxy        : Securing GET /favicon.ico
2026-08-17T22:21:00.293+05:30 DEBUG 21492 --- [e-com] [http-nio-8086-exec-3] o.s.s.w.a.AnonymousAuthenticationFilter  : Set SecurityContextHolder to anonymous SecurityContext
2026-08-17T22:21:00.294+05:30 DEBUG 21492 --- [e-com] [http-nio-8086-exec-3] s.w.a.DelegatingAuthenticationEntryPoint : Trying to match using And [Not [RequestHeaderRequestMatcher [expectedHeaderName=X-Requested-With, expectedHeaderValue=XMLHttpRequest]], Not [And [Or [PathPattern [/login], PathPattern [/favicon.ico]], And [Not [RequestHeaderRequestMatcher [expectedHeaderName=X-Requested-With, expectedHeaderValue=XMLHttpRequest]], MediaTypeRequestMatcher [contentNegotiationStrategy=org.springframework.web.accept.ContentNegotiationManager@3c48e78b, matchingMediaTypes=[application/xhtml+xml, image/*, text/html, text/plain], useEquals=false, ignoredMediaTypes=[*/*]]]]], org.springframework.security.config.annotation.web.configurers.oauth2.client.OAuth2LoginConfigurer$$Lambda$2069/0x00000231c0c1d300@7c535fcd]
2026-08-17T22:21:00.295+05:30 DEBUG 21492 --- [e-com] [http-nio-8086-exec-3] s.w.a.DelegatingAuthenticationEntryPoint : No match found. Using default entry point org.springframework.security.web.authentication.LoginUrlAuthenticationEntryPoint@a58de6f
2026-08-17T22:21:00.295+05:30 DEBUG 21492 --- [e-com] [http-nio-8086-exec-3] o.s.s.web.DefaultRedirectStrategy        : Redirecting to /login
2026-08-17T22:21:00.299+05:30 DEBUG 21492 --- [e-com] [http-nio-8086-exec-4] o.s.security.web.FilterChainProxy        : Securing GET /login
2026-08-17T22:21:09.240+05:30 DEBUG 21492 --- [e-com] [http-nio-8086-exec-8] o.s.s.authentication.ProviderManager     : Authentication failed with provider OAuth2LoginAuthenticationProvider since [invalid_token_response] An error occurred while attempting to retrieve the OAuth 2.0 Access Token Response: I/O error on POST request for "https://www.googleapis.com/oauth2/v4/token": null
2026-08-17T22:21:09.240+05:30 DEBUG 21492 --- [e-com] [http-nio-8086-exec-8] .s.a.DefaultAuthenticationEventPublisher : No event was found for the exception org.springframework.security.oauth2.core.OAuth2AuthenticationException
2026-08-17T22:21:09.241+05:30 DEBUG 21492 --- [e-com] [http-nio-8086-exec-8] o.s.s.web.DefaultRedirectStrategy        : Redirecting to /login?error
2026-08-17T22:21:09.244+05:30 DEBUG 21492 --- [e-com] [http-nio-8086-exec-2] o.s.security.web.FilterChainProxy        : Securing GET /login?error
2026-08-17T22:21:09.296+05:30 DEBUG 21492 --- [e-com] [http-nio-8086-exec-6] o.s.security.web.FilterChainProxy        : Securing GET /default-ui.css
2026-08-17T22:21:09.320+05:30 DEBUG 21492 --- [e-com] [http-nio-8086-exec-9] o.s.security.web.FilterChainProxy        : Securing GET /favicon.ico
2026-08-17T22:21:09.322+05:30 DEBUG 21492 --- [e-com] [http-nio-8086-exec-9] o.s.s.w.a.AnonymousAuthenticationFilter  : Set SecurityContextHolder to anonymous SecurityContext
2026-08-17T22:21:09.323+05:30 DEBUG 21492 --- [e-com] [http-nio-8086-exec-9] s.w.a.DelegatingAuthenticationEntryPoint : Trying to match using And [Not [RequestHeaderRequestMatcher [expectedHeaderName=X-Requested-With, expectedHeaderValue=XMLHttpRequest]], Not [And [Or [PathPattern [/login], PathPattern [/favicon.ico]], And [Not [RequestHeaderRequestMatcher [expectedHeaderName=X-Requested-With, expectedHeaderValue=XMLHttpRequest]], MediaTypeRequestMatcher [contentNegotiationStrategy=org.springframework.web.accept.ContentNegotiationManager@3c48e78b, matchingMediaTypes=[application/xhtml+xml, image/*, text/html, text/plain], useEquals=false, ignoredMediaTypes=[*/*]]]]], org.springframework.security.config.annotation.web.configurers.oauth2.client.OAuth2LoginConfigurer$$Lambda$2069/0x00000231c0c1d300@7c535fcd]
2026-08-17T22:21:09.323+05:30 DEBUG 21492 --- [e-com] [http-nio-8086-exec-9] s.w.a.DelegatingAuthenticationEntryPoint : No match found. Using default entry point org.springframework.security.web.authentication.LoginUrlAuthenticationEntryPoint@a58de6f
2026-08-17T22:21:09.323+05:30 DEBUG 21492 --- [e-com] [http-nio-8086-exec-9] o.s.s.web.DefaultRedirectStrategy        : Redirecting to /login
2026-08-17T22:21:09.327+05:30 DEBUG 21492 --- [e-com] [http-nio-8086-exec-5] o.s.security.web.FilterChainProxy        : Securing GET /login
2026-08-17T22:22:06.715+05:30 DEBUG 21492 --- [e-com] [http-nio-8086-exec-3] o.s.security.web.FilterChainProxy        : Securing GET /api/v1/products
2026-08-17T22:22:06.719+05:30 DEBUG 21492 --- [e-com] [http-nio-8086-exec-3] o.s.security.web.FilterChainProxy        : Secured GET /api/v1/products
2026-08-17T22:22:06.744+05:30 DEBUG 21492 --- [e-com] [http-nio-8086-exec-3] o.s.s.w.a.AnonymousAuthenticationFilter  : Set SecurityContextHolder to anonymous SecurityContext
2026-08-17T22:24:21.062+05:30 DEBUG 21492 --- [e-com] [http-nio-8086-exec-2] o.s.security.web.FilterChainProxy        : Securing GET /api/v1/products
2026-08-17T22:24:21.062+05:30 DEBUG 21492 --- [e-com] [http-nio-8086-exec-8] o.s.security.web.FilterChainProxy        : Securing GET /api/v1/categories
2026-08-17T22:24:21.069+05:30 DEBUG 21492 --- [e-com] [http-nio-8086-exec-8] o.s.security.web.FilterChainProxy        : Secured GET /api/v1/categories
2026-08-17T22:24:21.070+05:30 DEBUG 21492 --- [e-com] [http-nio-8086-exec-2] o.s.security.web.FilterChainProxy        : Secured GET /api/v1/products
2026-08-17T22:24:21.094+05:30 DEBUG 21492 --- [e-com] [http-nio-8086-exec-8] o.s.s.w.a.AnonymousAuthenticationFilter  : Set SecurityContextHolder to anonymous SecurityContext
2026-08-17T22:24:21.094+05:30 DEBUG 21492 --- [e-com] [http-nio-8086-exec-2] o.s.s.w.a.AnonymousAuthenticationFilter  : Set SecurityContextHolder to anonymous SecurityContext
2026-08-17T22:24:21.100+05:30 DEBUG 21492 --- [e-com] [http-nio-8086-exec-6] o.s.security.web.FilterChainProxy        : Securing GET /api/v1/products
2026-08-17T22:24:21.100+05:30 DEBUG 21492 --- [e-com] [http-nio-8086-exec-9] o.s.security.web.FilterChainProxy        : Securing GET /api/v1/categories
2026-08-17T22:24:21.104+05:30 DEBUG 21492 --- [e-com] [http-nio-8086-exec-9] o.s.security.web.FilterChainProxy        : Secured GET /api/v1/categories
2026-08-17T22:24:21.104+05:30 DEBUG 21492 --- [e-com] [http-nio-8086-exec-6] o.s.security.web.FilterChainProxy        : Secured GET /api/v1/products
2026-08-17T22:24:21.120+05:30 DEBUG 21492 --- [e-com] [http-nio-8086-exec-9] o.s.s.w.a.AnonymousAuthenticationFilter  : Set SecurityContextHolder to anonymous SecurityContext
2026-08-17T22:24:21.121+05:30 DEBUG 21492 --- [e-com] [http-nio-8086-exec-6] o.s.s.w.a.AnonymousAuthenticationFilter  : Set SecurityContextHolder to anonymous SecurityContext
2026-08-17T22:34:18.582+05:30 DEBUG 21492 --- [e-com] [http-nio-8086-exec-3] o.s.security.web.FilterChainProxy        : Securing GET /oauth2/authorization/google?role=user
2026-08-17T22:34:18.668+05:30 DEBUG 21492 --- [e-com] [http-nio-8086-exec-3] o.s.s.web.DefaultRedirectStrategy        : Redirecting to https://accounts.google.com/o/oauth2/v2/auth?response_type=code&client_id=505869046781-tub17i3p1ceh7n7o2mt95edtdf1mr3a1.apps.googleusercontent.com&scope=profile%20email&state=XMHbYW4ior0JvbGuNtvn2UvkD9Mh-a0ebmF8gxR5HDI%3D&redirect_uri=http://localhost:8086/login/oauth2/code/google&code_challenge=sBWksKc_cWPntI6PbsPrZxz9fV0R3T4Fp1BjPaI4BD8&code_challenge_method=S256
2026-08-17T22:34:26.551+05:30 DEBUG 21492 --- [e-com] [http-nio-8086-exec-4] o.s.security.web.FilterChainProxy        : Securing GET /login/oauth2/code/google?state=XMHbYW4ior0JvbGuNtvn2UvkD9Mh-a0ebmF8gxR5HDI%3D&iss=https%3A%2F%2Faccounts.google.com&code=4%2F0ATsMZqCSpIgYOomr6YS4CmQVRQ2xfwA_tKzptqkLkX1dXFfokaZMGqdOc6S2qLobKJ-9uQ&scope=email+profile+https%3A%2F%2Fwww.googleapis.com%2Fauth%2Fuserinfo.profile+https%3A%2F%2Fwww.googleapis.com%2Fauth%2Fuserinfo.email+openid&authuser=1&prompt=consent
2026-08-17T22:35:08.723+05:30 DEBUG 21492 --- [e-com] [http-nio-8086-exec-4] o.s.s.authentication.ProviderManager     : Authentication failed with provider OAuth2LoginAuthenticationProvider since [invalid_token_response] An error occurred while attempting to retrieve the OAuth 2.0 Access Token Response: I/O error on POST request for "https://www.googleapis.com/oauth2/v4/token": null
2026-08-17T22:35:08.725+05:30 DEBUG 21492 --- [e-com] [http-nio-8086-exec-4] .s.a.DefaultAuthenticationEventPublisher : No event was found for the exception org.springframework.security.oauth2.core.OAuth2AuthenticationException
2026-08-17T22:35:08.729+05:30 DEBUG 21492 --- [e-com] [http-nio-8086-exec-4] o.s.s.web.DefaultRedirectStrategy        : Redirecting to /login?error
2026-08-17T22:35:59.340+05:30 DEBUG 21492 --- [e-com] [http-nio-8086-exec-6] o.s.security.web.FilterChainProxy        : Securing GET /api/v1/products
2026-08-17T22:35:59.343+05:30 DEBUG 21492 --- [e-com] [http-nio-8086-exec-9] o.s.security.web.FilterChainProxy        : Securing GET /api/v1/categories
2026-08-17T22:35:59.353+05:30 DEBUG 21492 --- [e-com] [http-nio-8086-exec-6] o.s.security.web.FilterChainProxy        : Secured GET /api/v1/products
2026-08-17T22:35:59.352+05:30 DEBUG 21492 --- [e-com] [http-nio-8086-exec-9] o.s.security.web.FilterChainProxy        : Secured GET /api/v1/categories
2026-08-17T22:35:59.475+05:30 DEBUG 21492 --- [e-com] [http-nio-8086-exec-9] o.s.s.w.a.AnonymousAuthenticationFilter  : Set SecurityContextHolder to anonymous SecurityContext
2026-08-17T22:35:59.474+05:30 DEBUG 21492 --- [e-com] [http-nio-8086-exec-6] o.s.s.w.a.AnonymousAuthenticationFilter  : Set SecurityContextHolder to anonymous SecurityContext
2026-08-17T22:35:59.479+05:30 DEBUG 21492 --- [e-com] [http-nio-8086-exec-7] o.s.security.web.FilterChainProxy        : Securing GET /api/v1/products
2026-08-17T22:35:59.479+05:30 DEBUG 21492 --- [e-com] [http-nio-8086-exec-9] o.s.security.web.FilterChainProxy        : Securing GET /api/v1/categories
2026-08-17T22:35:59.482+05:30 DEBUG 21492 --- [e-com] [http-nio-8086-exec-9] o.s.security.web.FilterChainProxy        : Secured GET /api/v1/categories
2026-08-17T22:35:59.482+05:30 DEBUG 21492 --- [e-com] [http-nio-8086-exec-7] o.s.security.web.FilterChainProxy        : Secured GET /api/v1/products
2026-08-17T22:35:59.502+05:30 DEBUG 21492 --- [e-com] [http-nio-8086-exec-7] o.s.s.w.a.AnonymousAuthenticationFilter  : Set SecurityContextHolder to anonymous SecurityContext
2026-08-17T22:35:59.502+05:30 DEBUG 21492 --- [e-com] [http-nio-8086-exec-9] o.s.s.w.a.AnonymousAuthenticationFilter  : Set SecurityContextHolder to anonymous SecurityContext
2026-08-17T22:41:02.208+05:30 DEBUG 21492 --- [e-com] [http-nio-8086-exec-8] o.s.security.web.FilterChainProxy        : Securing GET /api/v1/products
2026-08-17T22:41:02.217+05:30 DEBUG 21492 --- [e-com] [http-nio-8086-exec-6] o.s.security.web.FilterChainProxy        : Securing GET /api/v1/categories
2026-08-17T22:41:02.247+05:30 DEBUG 21492 --- [e-com] [http-nio-8086-exec-8] o.s.security.web.FilterChainProxy        : Secured GET /api/v1/products
2026-08-17T22:41:02.247+05:30 DEBUG 21492 --- [e-com] [http-nio-8086-exec-6] o.s.security.web.FilterChainProxy        : Secured GET /api/v1/categories
2026-08-17T22:41:02.427+05:30 DEBUG 21492 --- [e-com] [http-nio-8086-exec-6] o.s.s.w.a.AnonymousAuthenticationFilter  : Set SecurityContextHolder to anonymous SecurityContext
2026-08-17T22:41:02.427+05:30 DEBUG 21492 --- [e-com] [http-nio-8086-exec-8] o.s.s.w.a.AnonymousAuthenticationFilter  : Set SecurityContextHolder to anonymous SecurityContext
2026-08-17T22:41:02.430+05:30 DEBUG 21492 --- [e-com] [http-nio-8086-exec-7] o.s.security.web.FilterChainProxy        : Securing GET /api/v1/categories
2026-08-17T22:41:02.430+05:30 DEBUG 21492 --- [e-com] [http-nio-8086-exec-10] o.s.security.web.FilterChainProxy        : Securing GET /api/v1/products
2026-08-17T22:41:02.434+05:30 DEBUG 21492 --- [e-com] [http-nio-8086-exec-7] o.s.security.web.FilterChainProxy        : Secured GET /api/v1/categories
2026-08-17T22:41:02.437+05:30 DEBUG 21492 --- [e-com] [http-nio-8086-exec-10] o.s.security.web.FilterChainProxy        : Secured GET /api/v1/products
2026-08-17T22:41:02.455+05:30 DEBUG 21492 --- [e-com] [http-nio-8086-exec-7] o.s.s.w.a.AnonymousAuthenticationFilter  : Set SecurityContextHolder to anonymous SecurityContext
2026-08-17T22:41:02.479+05:30 DEBUG 21492 --- [e-com] [http-nio-8086-exec-10] o.s.s.w.a.AnonymousAuthenticationFilter  : Set SecurityContextHolder to anonymous SecurityContext
2026-08-17T22:41:37.004+05:30 DEBUG 21492 --- [e-com] [http-nio-8086-exec-9] o.s.security.web.FilterChainProxy        : Securing GET /api/v1/products
2026-08-17T22:41:37.009+05:30 DEBUG 21492 --- [e-com] [http-nio-8086-exec-9] o.s.security.web.FilterChainProxy        : Secured GET /api/v1/products
2026-08-17T22:41:37.042+05:30 DEBUG 21492 --- [e-com] [http-nio-8086-exec-9] o.s.s.w.a.AnonymousAuthenticationFilter  : Set SecurityContextHolder to anonymous SecurityContext
2026-08-17T22:41:37.050+05:30 DEBUG 21492 --- [e-com] [http-nio-8086-exec-3] o.s.security.web.FilterChainProxy        : Securing GET /api/v1/products
2026-08-17T22:41:37.059+05:30 DEBUG 21492 --- [e-com] [http-nio-8086-exec-3] o.s.security.web.FilterChainProxy        : Secured GET /api/v1/products
2026-08-17T22:41:37.082+05:30 DEBUG 21492 --- [e-com] [http-nio-8086-exec-3] o.s.s.w.a.AnonymousAuthenticationFilter  : Set SecurityContextHolder to anonymous SecurityContext
2026-08-17T22:41:37.654+05:30 DEBUG 21492 --- [e-com] [http-nio-8086-exec-5] o.s.security.web.FilterChainProxy        : Securing GET /api/v1/categories
2026-08-17T22:41:37.657+05:30 DEBUG 21492 --- [e-com] [http-nio-8086-exec-5] o.s.security.web.FilterChainProxy        : Secured GET /api/v1/categories
2026-08-17T22:41:37.712+05:30 DEBUG 21492 --- [e-com] [http-nio-8086-exec-5] o.s.s.w.a.AnonymousAuthenticationFilter  : Set SecurityContextHolder to anonymous SecurityContext
2026-08-17T22:41:37.715+05:30 DEBUG 21492 --- [e-com] [http-nio-8086-exec-4] o.s.security.web.FilterChainProxy        : Securing GET /api/v1/categories
2026-08-17T22:41:37.718+05:30 DEBUG 21492 --- [e-com] [http-nio-8086-exec-4] o.s.security.web.FilterChainProxy        : Secured GET /api/v1/categories
2026-08-17T22:41:37.740+05:30 DEBUG 21492 --- [e-com] [http-nio-8086-exec-4] o.s.s.w.a.AnonymousAuthenticationFilter  : Set SecurityContextHolder to anonymous SecurityContext
2026-08-17T22:41:39.678+05:30 DEBUG 21492 --- [e-com] [http-nio-8086-exec-1] o.s.security.web.FilterChainProxy        : Securing GET /api/v1/products
2026-08-17T22:41:39.695+05:30 DEBUG 21492 --- [e-com] [http-nio-8086-exec-1] o.s.security.web.FilterChainProxy        : Secured GET /api/v1/products
2026-08-17T22:41:39.730+05:30 DEBUG 21492 --- [e-com] [http-nio-8086-exec-1] o.s.s.w.a.AnonymousAuthenticationFilter  : Set SecurityContextHolder to anonymous SecurityContext
2026-08-17T22:41:39.735+05:30 DEBUG 21492 --- [e-com] [http-nio-8086-exec-2] o.s.security.web.FilterChainProxy        : Securing GET /api/v1/products
2026-08-17T22:41:39.737+05:30 DEBUG 21492 --- [e-com] [http-nio-8086-exec-2] o.s.security.web.FilterChainProxy        : Secured GET /api/v1/products
2026-08-17T22:41:39.762+05:30 DEBUG 21492 --- [e-com] [http-nio-8086-exec-2] o.s.s.w.a.AnonymousAuthenticationFilter  : Set SecurityContextHolder to anonymous SecurityContext
2026-08-17T22:42:50.247+05:30 DEBUG 21492 --- [e-com] [http-nio-8086-exec-9] o.s.security.web.FilterChainProxy        : Securing GET /api/v1/categories
2026-08-17T22:42:50.287+05:30 DEBUG 21492 --- [e-com] [http-nio-8086-exec-9] o.s.security.web.FilterChainProxy        : Secured GET /api/v1/categories
2026-08-17T22:42:50.407+05:30 DEBUG 21492 --- [e-com] [http-nio-8086-exec-9] o.s.s.w.a.AnonymousAuthenticationFilter  : Set SecurityContextHolder to anonymous SecurityContext
2026-08-17T22:42:50.438+05:30 DEBUG 21492 --- [e-com] [http-nio-8086-exec-3] o.s.security.web.FilterChainProxy        : Securing GET /api/v1/categories
2026-08-17T22:42:50.463+05:30 DEBUG 21492 --- [e-com] [http-nio-8086-exec-3] o.s.security.web.FilterChainProxy        : Secured GET /api/v1/categories
2026-08-17T22:42:50.539+05:30 DEBUG 21492 --- [e-com] [http-nio-8086-exec-3] o.s.s.w.a.AnonymousAuthenticationFilter  : Set SecurityContextHolder to anonymous SecurityContext
2026-08-17T22:42:52.367+05:30 DEBUG 21492 --- [e-com] [http-nio-8086-exec-5] o.s.security.web.FilterChainProxy        : Securing GET /api/v1/categories
2026-08-17T22:42:52.367+05:30 DEBUG 21492 --- [e-com] [http-nio-8086-exec-4] o.s.security.web.FilterChainProxy        : Securing GET /api/v1/products
2026-08-17T22:42:52.372+05:30 DEBUG 21492 --- [e-com] [http-nio-8086-exec-5] o.s.security.web.FilterChainProxy        : Secured GET /api/v1/categories
2026-08-17T22:42:52.372+05:30 DEBUG 21492 --- [e-com] [http-nio-8086-exec-4] o.s.security.web.FilterChainProxy        : Secured GET /api/v1/products
2026-08-17T22:42:52.416+05:30 DEBUG 21492 --- [e-com] [http-nio-8086-exec-4] o.s.s.w.a.AnonymousAuthenticationFilter  : Set SecurityContextHolder to anonymous SecurityContext
2026-08-17T22:42:52.416+05:30 DEBUG 21492 --- [e-com] [http-nio-8086-exec-5] o.s.s.w.a.AnonymousAuthenticationFilter  : Set SecurityContextHolder to anonymous SecurityContext
2026-08-17T22:42:52.416+05:30 DEBUG 21492 --- [e-com] [http-nio-8086-exec-1] o.s.security.web.FilterChainProxy        : Securing GET /api/v1/products
2026-08-17T22:42:52.426+05:30 DEBUG 21492 --- [e-com] [http-nio-8086-exec-2] o.s.security.web.FilterChainProxy        : Securing GET /api/v1/categories
2026-08-17T22:42:52.426+05:30 DEBUG 21492 --- [e-com] [http-nio-8086-exec-1] o.s.security.web.FilterChainProxy        : Secured GET /api/v1/products
2026-08-17T22:42:52.439+05:30 DEBUG 21492 --- [e-com] [http-nio-8086-exec-2] o.s.security.web.FilterChainProxy        : Secured GET /api/v1/categories
2026-08-17T22:42:52.467+05:30 DEBUG 21492 --- [e-com] [http-nio-8086-exec-1] o.s.s.w.a.AnonymousAuthenticationFilter  : Set SecurityContextHolder to anonymous SecurityContext
2026-08-17T22:42:52.477+05:30 DEBUG 21492 --- [e-com] [http-nio-8086-exec-2] o.s.s.w.a.AnonymousAuthenticationFilter  : Set SecurityContextHolder to anonymous SecurityContext
2026-08-17T22:42:53.567+05:30 DEBUG 21492 --- [e-com] [http-nio-8086-exec-6] o.s.security.web.FilterChainProxy        : Securing GET /api/v1/categories
2026-08-17T22:42:53.567+05:30 DEBUG 21492 --- [e-com] [http-nio-8086-exec-8] o.s.security.web.FilterChainProxy        : Securing GET /api/v1/products
2026-08-17T22:42:53.567+05:30 DEBUG 21492 --- [e-com] [http-nio-8086-exec-6] o.s.security.web.FilterChainProxy        : Secured GET /api/v1/categories
2026-08-17T22:42:53.567+05:30 DEBUG 21492 --- [e-com] [http-nio-8086-exec-8] o.s.security.web.FilterChainProxy        : Secured GET /api/v1/products
2026-08-17T22:42:53.598+05:30 DEBUG 21492 --- [e-com] [http-nio-8086-exec-6] o.s.s.w.a.AnonymousAuthenticationFilter  : Set SecurityContextHolder to anonymous SecurityContext
2026-08-17T22:42:53.600+05:30 DEBUG 21492 --- [e-com] [http-nio-8086-exec-7] o.s.security.web.FilterChainProxy        : Securing GET /api/v1/categories
2026-08-17T22:42:53.627+05:30 DEBUG 21492 --- [e-com] [http-nio-8086-exec-10] o.s.security.web.FilterChainProxy        : Securing GET /api/v1/products
2026-08-17T22:42:53.624+05:30 DEBUG 21492 --- [e-com] [http-nio-8086-exec-8] o.s.s.w.a.AnonymousAuthenticationFilter  : Set SecurityContextHolder to anonymous SecurityContext
2026-08-17T22:42:53.627+05:30 DEBUG 21492 --- [e-com] [http-nio-8086-exec-7] o.s.security.web.FilterChainProxy        : Secured GET /api/v1/categories
2026-08-17T22:42:53.637+05:30 DEBUG 21492 --- [e-com] [http-nio-8086-exec-10] o.s.security.web.FilterChainProxy        : Secured GET /api/v1/products
2026-08-17T22:42:53.656+05:30 DEBUG 21492 --- [e-com] [http-nio-8086-exec-7] o.s.s.w.a.AnonymousAuthenticationFilter  : Set SecurityContextHolder to anonymous SecurityContext
2026-08-17T22:42:53.656+05:30 DEBUG 21492 --- [e-com] [http-nio-8086-exec-10] o.s.s.w.a.AnonymousAuthenticationFilter  : Set SecurityContextHolder to anonymous SecurityContext
2026-08-17T22:42:55.198+05:30 DEBUG 21492 --- [e-com] [http-nio-8086-exec-3] o.s.security.web.FilterChainProxy        : Securing GET /api/v1/products
2026-08-17T22:42:55.198+05:30 DEBUG 21492 --- [e-com] [http-nio-8086-exec-3] o.s.security.web.FilterChainProxy        : Secured GET /api/v1/products
2026-08-17T22:42:55.198+05:30 DEBUG 21492 --- [e-com] [http-nio-8086-exec-9] o.s.security.web.FilterChainProxy        : Securing GET /api/v1/categories
2026-08-17T22:42:55.207+05:30 DEBUG 21492 --- [e-com] [http-nio-8086-exec-9] o.s.security.web.FilterChainProxy        : Secured GET /api/v1/categories
2026-08-17T22:42:55.237+05:30 DEBUG 21492 --- [e-com] [http-nio-8086-exec-3] o.s.s.w.a.AnonymousAuthenticationFilter  : Set SecurityContextHolder to anonymous SecurityContext
2026-08-17T22:42:55.237+05:30 DEBUG 21492 --- [e-com] [http-nio-8086-exec-4] o.s.security.web.FilterChainProxy        : Securing GET /api/v1/products
2026-08-17T22:42:55.261+05:30 DEBUG 21492 --- [e-com] [http-nio-8086-exec-4] o.s.security.web.FilterChainProxy        : Secured GET /api/v1/products
2026-08-17T22:42:55.261+05:30 DEBUG 21492 --- [e-com] [http-nio-8086-exec-9] o.s.s.w.a.AnonymousAuthenticationFilter  : Set SecurityContextHolder to anonymous SecurityContext
2026-08-17T22:42:55.269+05:30 DEBUG 21492 --- [e-com] [http-nio-8086-exec-5] o.s.security.web.FilterChainProxy        : Securing GET /api/v1/categories
2026-08-17T22:42:55.273+05:30 DEBUG 21492 --- [e-com] [http-nio-8086-exec-5] o.s.security.web.FilterChainProxy        : Secured GET /api/v1/categories
2026-08-17T22:42:55.294+05:30 DEBUG 21492 --- [e-com] [http-nio-8086-exec-4] o.s.s.w.a.AnonymousAuthenticationFilter  : Set SecurityContextHolder to anonymous SecurityContext
2026-08-17T22:42:55.302+05:30 DEBUG 21492 --- [e-com] [http-nio-8086-exec-5] o.s.s.w.a.AnonymousAuthenticationFilter  : Set SecurityContextHolder to anonymous SecurityContext
2026-08-17T22:42:56.397+05:30 DEBUG 21492 --- [e-com] [http-nio-8086-exec-1] o.s.security.web.FilterChainProxy        : Securing GET /api/v1/categories
2026-08-17T22:42:56.399+05:30 DEBUG 21492 --- [e-com] [http-nio-8086-exec-1] o.s.security.web.FilterChainProxy        : Secured GET /api/v1/categories
2026-08-17T22:42:56.427+05:30 DEBUG 21492 --- [e-com] [http-nio-8086-exec-1] o.s.s.w.a.AnonymousAuthenticationFilter  : Set SecurityContextHolder to anonymous SecurityContext
2026-08-17T22:42:56.427+05:30 DEBUG 21492 --- [e-com] [http-nio-8086-exec-2] o.s.security.web.FilterChainProxy        : Securing GET /api/v1/categories
2026-08-17T22:42:56.430+05:30 DEBUG 21492 --- [e-com] [http-nio-8086-exec-2] o.s.security.web.FilterChainProxy        : Secured GET /api/v1/categories
2026-08-17T22:42:56.462+05:30 DEBUG 21492 --- [e-com] [http-nio-8086-exec-2] o.s.s.w.a.AnonymousAuthenticationFilter  : Set SecurityContextHolder to anonymous SecurityContext
2026-08-17T22:42:57.545+05:30 DEBUG 21492 --- [e-com] [http-nio-8086-exec-8] o.s.security.web.FilterChainProxy        : Securing GET /api/v1/products
2026-08-17T22:42:57.545+05:30 DEBUG 21492 --- [e-com] [http-nio-8086-exec-6] o.s.security.web.FilterChainProxy        : Securing GET /api/v1/categories
2026-08-17T22:42:57.547+05:30 DEBUG 21492 --- [e-com] [http-nio-8086-exec-6] o.s.security.web.FilterChainProxy        : Secured GET /api/v1/categories
2026-08-17T22:42:57.547+05:30 DEBUG 21492 --- [e-com] [http-nio-8086-exec-8] o.s.security.web.FilterChainProxy        : Secured GET /api/v1/products
2026-08-17T22:42:57.577+05:30 DEBUG 21492 --- [e-com] [http-nio-8086-exec-6] o.s.s.w.a.AnonymousAuthenticationFilter  : Set SecurityContextHolder to anonymous SecurityContext
2026-08-17T22:42:57.579+05:30 DEBUG 21492 --- [e-com] [http-nio-8086-exec-8] o.s.s.w.a.AnonymousAuthenticationFilter  : Set SecurityContextHolder to anonymous SecurityContext
2026-08-17T22:42:57.579+05:30 DEBUG 21492 --- [e-com] [http-nio-8086-exec-7] o.s.security.web.FilterChainProxy        : Securing GET /api/v1/categories
2026-08-17T22:42:57.579+05:30 DEBUG 21492 --- [e-com] [http-nio-8086-exec-10] o.s.security.web.FilterChainProxy        : Securing GET /api/v1/products
2026-08-17T22:42:57.587+05:30 DEBUG 21492 --- [e-com] [http-nio-8086-exec-7] o.s.security.web.FilterChainProxy        : Secured GET /api/v1/categories
2026-08-17T22:42:57.589+05:30 DEBUG 21492 --- [e-com] [http-nio-8086-exec-10] o.s.security.web.FilterChainProxy        : Secured GET /api/v1/products
2026-08-17T22:42:57.618+05:30 DEBUG 21492 --- [e-com] [http-nio-8086-exec-7] o.s.s.w.a.AnonymousAuthenticationFilter  : Set SecurityContextHolder to anonymous SecurityContext
2026-08-17T22:42:57.631+05:30 DEBUG 21492 --- [e-com] [http-nio-8086-exec-10] o.s.s.w.a.AnonymousAuthenticationFilter  : Set SecurityContextHolder to anonymous SecurityContext
2026-08-17T22:42:59.441+05:30 DEBUG 21492 --- [e-com] [http-nio-8086-exec-3] o.s.security.web.FilterChainProxy        : Securing GET /api/v1/categories
2026-08-17T22:42:59.445+05:30 DEBUG 21492 --- [e-com] [http-nio-8086-exec-3] o.s.security.web.FilterChainProxy        : Secured GET /api/v1/categories
2026-08-17T22:42:59.472+05:30 DEBUG 21492 --- [e-com] [http-nio-8086-exec-3] o.s.s.w.a.AnonymousAuthenticationFilter  : Set SecurityContextHolder to anonymous SecurityContext
2026-08-17T22:42:59.474+05:30 DEBUG 21492 --- [e-com] [http-nio-8086-exec-9] o.s.security.web.FilterChainProxy        : Securing GET /api/v1/categories
2026-08-17T22:42:59.480+05:30 DEBUG 21492 --- [e-com] [http-nio-8086-exec-9] o.s.security.web.FilterChainProxy        : Secured GET /api/v1/categories
2026-08-17T22:42:59.497+05:30 DEBUG 21492 --- [e-com] [http-nio-8086-exec-9] o.s.s.w.a.AnonymousAuthenticationFilter  : Set SecurityContextHolder to anonymous SecurityContext
2026-08-17T22:43:00.357+05:30 DEBUG 21492 --- [e-com] [http-nio-8086-exec-4] o.s.security.web.FilterChainProxy        : Securing GET /api/v1/products
2026-08-17T22:43:00.359+05:30 DEBUG 21492 --- [e-com] [http-nio-8086-exec-4] o.s.security.web.FilterChainProxy        : Secured GET /api/v1/products
2026-08-17T22:43:00.384+05:30 DEBUG 21492 --- [e-com] [http-nio-8086-exec-4] o.s.s.w.a.AnonymousAuthenticationFilter  : Set SecurityContextHolder to anonymous SecurityContext
2026-08-17T22:43:00.389+05:30 DEBUG 21492 --- [e-com] [http-nio-8086-exec-5] o.s.security.web.FilterChainProxy        : Securing GET /api/v1/products
2026-08-17T22:43:00.389+05:30 DEBUG 21492 --- [e-com] [http-nio-8086-exec-5] o.s.security.web.FilterChainProxy        : Secured GET /api/v1/products
2026-08-17T22:43:00.423+05:30 DEBUG 21492 --- [e-com] [http-nio-8086-exec-5] o.s.s.w.a.AnonymousAuthenticationFilter  : Set SecurityContextHolder to anonymous SecurityContext
2026-08-17T22:43:52.557+05:30 DEBUG 21492 --- [e-com] [http-nio-8086-exec-1] o.s.security.web.FilterChainProxy        : Securing GET /api/v1/products
2026-08-17T22:43:52.557+05:30 DEBUG 21492 --- [e-com] [http-nio-8086-exec-1] o.s.security.web.FilterChainProxy        : Secured GET /api/v1/products
2026-08-17T22:43:52.574+05:30 DEBUG 21492 --- [e-com] [http-nio-8086-exec-1] o.s.s.w.a.AnonymousAuthenticationFilter  : Set SecurityContextHolder to anonymous SecurityContext
2026-08-17T22:43:52.577+05:30 DEBUG 21492 --- [e-com] [http-nio-8086-exec-2] o.s.security.web.FilterChainProxy        : Securing GET /api/v1/products
2026-08-17T22:43:52.577+05:30 DEBUG 21492 --- [e-com] [http-nio-8086-exec-2] o.s.security.web.FilterChainProxy        : Secured GET /api/v1/products
2026-08-17T22:43:52.590+05:30 DEBUG 21492 --- [e-com] [http-nio-8086-exec-2] o.s.s.w.a.AnonymousAuthenticationFilter  : Set SecurityContextHolder to anonymous SecurityContext
2026-08-17T22:44:06.366+05:30 DEBUG 21492 --- [e-com] [http-nio-8086-exec-7] o.s.security.web.FilterChainProxy        : Securing GET /api/v1/categories
2026-08-17T22:44:06.367+05:30 DEBUG 21492 --- [e-com] [http-nio-8086-exec-7] o.s.security.web.FilterChainProxy        : Secured GET /api/v1/categories
2026-08-17T22:44:06.376+05:30 DEBUG 21492 --- [e-com] [http-nio-8086-exec-7] o.s.s.w.a.AnonymousAuthenticationFilter  : Set SecurityContextHolder to anonymous SecurityContext
2026-08-17T22:44:06.376+05:30 DEBUG 21492 --- [e-com] [http-nio-8086-exec-10] o.s.security.web.FilterChainProxy        : Securing GET /api/v1/categories
2026-08-17T22:44:06.376+05:30 DEBUG 21492 --- [e-com] [http-nio-8086-exec-10] o.s.security.web.FilterChainProxy        : Secured GET /api/v1/categories
2026-08-17T22:44:06.387+05:30 DEBUG 21492 --- [e-com] [http-nio-8086-exec-10] o.s.s.w.a.AnonymousAuthenticationFilter  : Set SecurityContextHolder to anonymous SecurityContext
2026-08-17T22:48:52.874+05:30 DEBUG 21492 --- [e-com] [http-nio-8086-exec-4] o.s.security.web.FilterChainProxy        : Securing GET /api/v1/products/search?q=bjcvb
2026-08-17T22:48:52.910+05:30 DEBUG 21492 --- [e-com] [http-nio-8086-exec-4] o.s.security.web.FilterChainProxy        : Secured GET /api/v1/products/search?q=bjcvb
2026-08-17T22:48:53.989+05:30 DEBUG 21492 --- [e-com] [http-nio-8086-exec-4] o.s.s.w.a.AnonymousAuthenticationFilter  : Set SecurityContextHolder to anonymous SecurityContext
2026-08-17T22:50:42.529+05:30 DEBUG 21492 --- [e-com] [http-nio-8086-exec-2] o.s.security.web.FilterChainProxy        : Securing GET /oauth2/authorization/google?role=user
2026-08-17T22:50:42.563+05:30 DEBUG 21492 --- [e-com] [http-nio-8086-exec-2] o.s.s.web.DefaultRedirectStrategy        : Redirecting to https://accounts.google.com/o/oauth2/v2/auth?response_type=code&client_id=505869046781-tub17i3p1ceh7n7o2mt95edtdf1mr3a1.apps.googleusercontent.com&scope=profile%20email&state=sfUBX6g2sasFyv6z_m7cko5Aau36DXP1SuNXFZSXYYs%3D&redirect_uri=http://localhost:8086/login/oauth2/code/google&code_challenge=0_OtqXXV0FunktVnRb6Y7--ZKura5LLIXO6FToARh_Q&code_challenge_method=S256
2026-08-17T22:50:44.252+05:30 DEBUG 21492 --- [e-com] [http-nio-8086-exec-6] o.s.security.web.FilterChainProxy        : Securing GET /oauth2/authorization/google?role=user
2026-08-17T22:50:44.254+05:30 DEBUG 21492 --- [e-com] [http-nio-8086-exec-6] o.s.s.web.DefaultRedirectStrategy        : Redirecting to https://accounts.google.com/o/oauth2/v2/auth?response_type=code&client_id=505869046781-tub17i3p1ceh7n7o2mt95edtdf1mr3a1.apps.googleusercontent.com&scope=profile%20email&state=bgLCbN3vN92Acb71Tl9GNd4Q_f7LQTNB8csn3e9vrvA%3D&redirect_uri=http://localhost:8086/login/oauth2/code/google&code_challenge=AZYhxxcii60i6lwsnkPyiA2AP-FIxjmPvR7lj52GMqA&code_challenge_method=S256
2026-08-17T22:51:37.730+05:30 DEBUG 21492 --- [e-com] [http-nio-8086-exec-8] o.s.security.web.FilterChainProxy        : Securing GET /login/oauth2/code/google?state=bgLCbN3vN92Acb71Tl9GNd4Q_f7LQTNB8csn3e9vrvA%3D&iss=https%3A%2F%2Faccounts.google.com&code=4%2F0ATsMZqALU42l2IXW0vj1nrgMPnXt9auw_hpxlyRcQ9bfdyFgfy5c75T5jLDSRcOwiaAo2Q&scope=email+profile+https%3A%2F%2Fwww.googleapis.com%2Fauth%2Fuserinfo.profile+https%3A%2F%2Fwww.googleapis.com%2Fauth%2Fuserinfo.email+openid&authuser=1&prompt=consent
2026-08-17T22:52:19.952+05:30 DEBUG 21492 --- [e-com] [http-nio-8086-exec-8] o.s.s.authentication.ProviderManager     : Authentication failed with provider OAuth2LoginAuthenticationProvider since [invalid_token_response] An error occurred while attempting to retrieve the OAuth 2.0 Access Token Response: I/O error on POST request for "https://www.googleapis.com/oauth2/v4/token": null
2026-08-17T22:52:19.952+05:30 DEBUG 21492 --- [e-com] [http-nio-8086-exec-8] .s.a.DefaultAuthenticationEventPublisher : No event was found for the exception org.springframework.security.oauth2.core.OAuth2AuthenticationException
2026-08-17T22:52:19.952+05:30 DEBUG 21492 --- [e-com] [http-nio-8086-exec-8] o.s.s.web.DefaultRedirectStrategy        : Redirecting to /login?error
2026-08-17T22:52:19.961+05:30 DEBUG 21492 --- [e-com] [http-nio-8086-exec-9] o.s.security.web.FilterChainProxy        : Securing GET /login?error
2026-08-17T22:52:20.061+05:30 DEBUG 21492 --- [e-com] [http-nio-8086-exec-3] o.s.security.web.FilterChainProxy        : Securing GET /default-ui.css
2026-08-17T22:52:20.111+05:30 DEBUG 21492 --- [e-com] [http-nio-8086-exec-4] o.s.security.web.FilterChainProxy        : Securing GET /favicon.ico
2026-08-17T22:52:20.120+05:30 DEBUG 21492 --- [e-com] [http-nio-8086-exec-4] o.s.s.w.a.AnonymousAuthenticationFilter  : Set SecurityContextHolder to anonymous SecurityContext
2026-08-17T22:52:20.130+05:30 DEBUG 21492 --- [e-com] [http-nio-8086-exec-4] s.w.a.DelegatingAuthenticationEntryPoint : Trying to match using And [Not [RequestHeaderRequestMatcher [expectedHeaderName=X-Requested-With, expectedHeaderValue=XMLHttpRequest]], Not [And [Or [PathPattern [/login], PathPattern [/favicon.ico]], And [Not [RequestHeaderRequestMatcher [expectedHeaderName=X-Requested-With, expectedHeaderValue=XMLHttpRequest]], MediaTypeRequestMatcher [contentNegotiationStrategy=org.springframework.web.accept.ContentNegotiationManager@3c48e78b, matchingMediaTypes=[application/xhtml+xml, image/*, text/html, text/plain], useEquals=false, ignoredMediaTypes=[*/*]]]]], org.springframework.security.config.annotation.web.configurers.oauth2.client.OAuth2LoginConfigurer$$Lambda$2069/0x00000231c0c1d300@7c535fcd]
2026-08-17T22:52:20.140+05:30 DEBUG 21492 --- [e-com] [http-nio-8086-exec-4] s.w.a.DelegatingAuthenticationEntryPoint : No match found. Using default entry point org.springframework.security.web.authentication.LoginUrlAuthenticationEntryPoint@a58de6f
2026-08-17T22:52:20.140+05:30 DEBUG 21492 --- [e-com] [http-nio-8086-exec-4] o.s.s.web.DefaultRedirectStrategy        : Redirecting to /login
2026-08-17T22:52:20.145+05:30 DEBUG 21492 --- [e-com] [http-nio-8086-exec-5] o.s.security.web.FilterChainProxy        : Securing GET /login
2026-08-17T22:52:25.726+05:30 DEBUG 21492 --- [e-com] [http-nio-8086-exec-1] o.s.security.web.FilterChainProxy        : Securing GET /oauth2/authorization/google
2026-08-17T22:52:25.728+05:30 DEBUG 21492 --- [e-com] [http-nio-8086-exec-1] o.s.s.web.DefaultRedirectStrategy        : Redirecting to https://accounts.google.com/o/oauth2/v2/auth?response_type=code&client_id=505869046781-tub17i3p1ceh7n7o2mt95edtdf1mr3a1.apps.googleusercontent.com&scope=profile%20email&state=YX6Ecf2jpbzH01jfBofnKBZFiUjCxn7W8E4ikl6x49s%3D&redirect_uri=http://localhost:8086/login/oauth2/code/google&code_challenge=TxDQ579scLhCwWgDPvE3H01ytSkFF4NNY9ugKycVxOQ&code_challenge_method=S256
2026-08-17T22:52:31.940+05:30 DEBUG 21492 --- [e-com] [http-nio-8086-exec-2] o.s.security.web.FilterChainProxy        : Securing GET /login/oauth2/code/google?state=YX6Ecf2jpbzH01jfBofnKBZFiUjCxn7W8E4ikl6x49s%3D&iss=https%3A%2F%2Faccounts.google.com&code=4%2F0ATsMZqDwGJ7XfIly28UmTSlmY5avYN6z3NKq-da9h6gWvAS401d7Qbeecj0TGhmV6E9WbQ&scope=email+profile+https%3A%2F%2Fwww.googleapis.com%2Fauth%2Fuserinfo.email+https%3A%2F%2Fwww.googleapis.com%2Fauth%2Fuserinfo.profile+openid&authuser=0&prompt=none
2026-08-17T22:53:14.040+05:30 DEBUG 21492 --- [e-com] [http-nio-8086-exec-2] o.s.s.authentication.ProviderManager     : Authentication failed with provider OAuth2LoginAuthenticationProvider since [invalid_token_response] An error occurred while attempting to retrieve the OAuth 2.0 Access Token Response: I/O error on POST request for "https://www.googleapis.com/oauth2/v4/token": null
2026-08-17T22:53:14.040+05:30 DEBUG 21492 --- [e-com] [http-nio-8086-exec-2] .s.a.DefaultAuthenticationEventPublisher : No event was found for the exception org.springframework.security.oauth2.core.OAuth2AuthenticationException
2026-08-17T22:53:14.041+05:30 DEBUG 21492 --- [e-com] [http-nio-8086-exec-2] o.s.s.web.DefaultRedirectStrategy        : Redirecting to /login?error
2026-08-17T22:53:14.041+05:30 DEBUG 21492 --- [e-com] [http-nio-8086-exec-6] o.s.security.web.FilterChainProxy        : Securing GET /login?error
2026-08-17T22:53:14.116+05:30 DEBUG 21492 --- [e-com] [http-nio-8086-exec-7] o.s.security.web.FilterChainProxy        : Securing GET /default-ui.css
2026-08-17T22:53:14.158+05:30 DEBUG 21492 --- [e-com] [http-nio-8086-exec-10] o.s.security.web.FilterChainProxy        : Securing GET /favicon.ico
2026-08-17T22:53:14.159+05:30 DEBUG 21492 --- [e-com] [http-nio-8086-exec-10] o.s.s.w.a.AnonymousAuthenticationFilter  : Set SecurityContextHolder to anonymous SecurityContext
2026-08-17T22:53:14.159+05:30 DEBUG 21492 --- [e-com] [http-nio-8086-exec-10] s.w.a.DelegatingAuthenticationEntryPoint : Trying to match using And [Not [RequestHeaderRequestMatcher [expectedHeaderName=X-Requested-With, expectedHeaderValue=XMLHttpRequest]], Not [And [Or [PathPattern [/login], PathPattern [/favicon.ico]], And [Not [RequestHeaderRequestMatcher [expectedHeaderName=X-Requested-With, expectedHeaderValue=XMLHttpRequest]], MediaTypeRequestMatcher [contentNegotiationStrategy=org.springframework.web.accept.ContentNegotiationManager@3c48e78b, matchingMediaTypes=[application/xhtml+xml, image/*, text/html, text/plain], useEquals=false, ignoredMediaTypes=[*/*]]]]], org.springframework.security.config.annotation.web.configurers.oauth2.client.OAuth2LoginConfigurer$$Lambda$2069/0x00000231c0c1d300@7c535fcd]
2026-08-17T22:53:14.159+05:30 DEBUG 21492 --- [e-com] [http-nio-8086-exec-10] s.w.a.DelegatingAuthenticationEntryPoint : No match found. Using default entry point org.springframework.security.web.authentication.LoginUrlAuthenticationEntryPoint@a58de6f
2026-08-17T22:53:14.159+05:30 DEBUG 21492 --- [e-com] [http-nio-8086-exec-10] o.s.s.web.DefaultRedirectStrategy        : Redirecting to /login
2026-08-17T22:53:14.162+05:30 DEBUG 21492 --- [e-com] [http-nio-8086-exec-8] o.s.security.web.FilterChainProxy        : Securing GET /login
2026-08-17T22:55:59.861+05:30 DEBUG 21492 --- [e-com] [http-nio-8086-exec-4] o.s.security.web.FilterChainProxy        : Securing GET /oauth2/authorization/google
2026-08-17T22:55:59.871+05:30 DEBUG 21492 --- [e-com] [http-nio-8086-exec-4] o.s.s.web.DefaultRedirectStrategy        : Redirecting to https://accounts.google.com/o/oauth2/v2/auth?response_type=code&client_id=505869046781-tub17i3p1ceh7n7o2mt95edtdf1mr3a1.apps.googleusercontent.com&scope=profile%20email&state=9qX3XhMaD-d0AfcaCRmL9EZ9kMx3WNKhZ_o_wIHqMgE%3D&redirect_uri=http://localhost:8086/login/oauth2/code/google&code_challenge=z3WwoIdUbO9INkhROT_Qu1KsA8hL85i9anVB1bb8eAo&code_challenge_method=S256
2026-08-17T22:56:29.290+05:30 DEBUG 21492 --- [e-com] [http-nio-8086-exec-5] o.s.security.web.FilterChainProxy        : Securing GET /login/oauth2/code/google?state=9qX3XhMaD-d0AfcaCRmL9EZ9kMx3WNKhZ_o_wIHqMgE%3D&iss=https%3A%2F%2Faccounts.google.com&code=4%2F0ATsMZqCNQ3TeJm-KgSEKD8epYye7ULvU4a0EqUI9yibgsHbcEGemyVXhJ_Azinvid8VleA&scope=email+profile+https%3A%2F%2Fwww.googleapis.com%2Fauth%2Fuserinfo.profile+https%3A%2F%2Fwww.googleapis.com%2Fauth%2Fuserinfo.email+openid&authuser=1&prompt=consent
2026-08-17T22:57:11.461+05:30 DEBUG 21492 --- [e-com] [http-nio-8086-exec-5] o.s.s.authentication.ProviderManager     : Authentication failed with provider OAuth2LoginAuthenticationProvider since [invalid_token_response] An error occurred while attempting to retrieve the OAuth 2.0 Access Token Response: I/O error on POST request for "https://www.googleapis.com/oauth2/v4/token": null
2026-08-17T22:57:11.462+05:30 DEBUG 21492 --- [e-com] [http-nio-8086-exec-5] .s.a.DefaultAuthenticationEventPublisher : No event was found for the exception org.springframework.security.oauth2.core.OAuth2AuthenticationException
2026-08-17T22:57:11.462+05:30 DEBUG 21492 --- [e-com] [http-nio-8086-exec-5] o.s.s.web.DefaultRedirectStrategy        : Redirecting to /login?error
2026-08-17T22:57:11.475+05:30 DEBUG 21492 --- [e-com] [http-nio-8086-exec-6] o.s.security.web.FilterChainProxy        : Securing GET /login?error
2026-08-17T22:57:11.595+05:30 DEBUG 21492 --- [e-com] [http-nio-8086-exec-7] o.s.security.web.FilterChainProxy        : Securing GET /default-ui.css
2026-08-17T22:57:11.655+05:30 DEBUG 21492 --- [e-com] [http-nio-8086-exec-10] o.s.security.web.FilterChainProxy        : Securing GET /favicon.ico
2026-08-17T22:57:11.655+05:30 DEBUG 21492 --- [e-com] [http-nio-8086-exec-10] o.s.s.w.a.AnonymousAuthenticationFilter  : Set SecurityContextHolder to anonymous SecurityContext
2026-08-17T22:57:11.655+05:30 DEBUG 21492 --- [e-com] [http-nio-8086-exec-10] s.w.a.DelegatingAuthenticationEntryPoint : Trying to match using And [Not [RequestHeaderRequestMatcher [expectedHeaderName=X-Requested-With, expectedHeaderValue=XMLHttpRequest]], Not [And [Or [PathPattern [/login], PathPattern [/favicon.ico]], And [Not [RequestHeaderRequestMatcher [expectedHeaderName=X-Requested-With, expectedHeaderValue=XMLHttpRequest]], MediaTypeRequestMatcher [contentNegotiationStrategy=org.springframework.web.accept.ContentNegotiationManager@3c48e78b, matchingMediaTypes=[application/xhtml+xml, image/*, text/html, text/plain], useEquals=false, ignoredMediaTypes=[*/*]]]]], org.springframework.security.config.annotation.web.configurers.oauth2.client.OAuth2LoginConfigurer$$Lambda$2069/0x00000231c0c1d300@7c535fcd]
2026-08-17T22:57:11.660+05:30 DEBUG 21492 --- [e-com] [http-nio-8086-exec-10] s.w.a.DelegatingAuthenticationEntryPoint : No match found. Using default entry point org.springframework.security.web.authentication.LoginUrlAuthenticationEntryPoint@a58de6f
2026-08-17T22:57:11.660+05:30 DEBUG 21492 --- [e-com] [http-nio-8086-exec-10] o.s.s.web.DefaultRedirectStrategy        : Redirecting to /login
2026-08-17T22:57:11.668+05:30 DEBUG 21492 --- [e-com] [http-nio-8086-exec-8] o.s.security.web.FilterChainProxy        : Securing GET /login
2026-08-17T22:58:35.323+05:30 DEBUG 21492 --- [e-com] [http-nio-8086-exec-3] o.s.security.web.FilterChainProxy        : Securing GET /login?error
2026-08-17T22:58:35.351+05:30 DEBUG 21492 --- [e-com] [http-nio-8086-exec-4] o.s.security.web.FilterChainProxy        : Securing GET /default-ui.css
2026-08-17T22:58:35.407+05:30 DEBUG 21492 --- [e-com] [http-nio-8086-exec-1] o.s.security.web.FilterChainProxy        : Securing GET /favicon.ico
2026-08-17T22:58:35.411+05:30 DEBUG 21492 --- [e-com] [http-nio-8086-exec-1] o.s.s.w.a.AnonymousAuthenticationFilter  : Set SecurityContextHolder to anonymous SecurityContext
2026-08-17T22:58:35.415+05:30 DEBUG 21492 --- [e-com] [http-nio-8086-exec-1] s.w.a.DelegatingAuthenticationEntryPoint : Trying to match using And [Not [RequestHeaderRequestMatcher [expectedHeaderName=X-Requested-With, expectedHeaderValue=XMLHttpRequest]], Not [And [Or [PathPattern [/login], PathPattern [/favicon.ico]], And [Not [RequestHeaderRequestMatcher [expectedHeaderName=X-Requested-With, expectedHeaderValue=XMLHttpRequest]], MediaTypeRequestMatcher [contentNegotiationStrategy=org.springframework.web.accept.ContentNegotiationManager@3c48e78b, matchingMediaTypes=[application/xhtml+xml, image/*, text/html, text/plain], useEquals=false, ignoredMediaTypes=[*/*]]]]], org.springframework.security.config.annotation.web.configurers.oauth2.client.OAuth2LoginConfigurer$$Lambda$2069/0x00000231c0c1d300@7c535fcd]
2026-08-17T22:58:35.415+05:30 DEBUG 21492 --- [e-com] [http-nio-8086-exec-1] s.w.a.DelegatingAuthenticationEntryPoint : No match found. Using default entry point org.springframework.security.web.authentication.LoginUrlAuthenticationEntryPoint@a58de6f
2026-08-17T22:58:35.415+05:30 DEBUG 21492 --- [e-com] [http-nio-8086-exec-1] o.s.s.web.DefaultRedirectStrategy        : Redirecting to /login
2026-08-17T22:58:35.421+05:30 DEBUG 21492 --- [e-com] [http-nio-8086-exec-2] o.s.security.web.FilterChainProxy        : Securing GET /login
2026-08-17T22:58:38.026+05:30 DEBUG 21492 --- [e-com] [http-nio-8086-exec-5] o.s.security.web.FilterChainProxy        : Securing GET /login?error
2026-08-17T22:58:38.037+05:30 DEBUG 21492 --- [e-com] [http-nio-8086-exec-6] o.s.security.web.FilterChainProxy        : Securing GET /default-ui.css
2026-08-17T22:58:38.058+05:30 DEBUG 21492 --- [e-com] [http-nio-8086-exec-7] o.s.security.web.FilterChainProxy        : Securing GET /favicon.ico
2026-08-17T22:58:38.061+05:30 DEBUG 21492 --- [e-com] [http-nio-8086-exec-7] o.s.s.w.a.AnonymousAuthenticationFilter  : Set SecurityContextHolder to anonymous SecurityContext
2026-08-17T22:58:38.061+05:30 DEBUG 21492 --- [e-com] [http-nio-8086-exec-7] s.w.a.DelegatingAuthenticationEntryPoint : Trying to match using And [Not [RequestHeaderRequestMatcher [expectedHeaderName=X-Requested-With, expectedHeaderValue=XMLHttpRequest]], Not [And [Or [PathPattern [/login], PathPattern [/favicon.ico]], And [Not [RequestHeaderRequestMatcher [expectedHeaderName=X-Requested-With, expectedHeaderValue=XMLHttpRequest]], MediaTypeRequestMatcher [contentNegotiationStrategy=org.springframework.web.accept.ContentNegotiationManager@3c48e78b, matchingMediaTypes=[application/xhtml+xml, image/*, text/html, text/plain], useEquals=false, ignoredMediaTypes=[*/*]]]]], org.springframework.security.config.annotation.web.configurers.oauth2.client.OAuth2LoginConfigurer$$Lambda$2069/0x00000231c0c1d300@7c535fcd]
2026-08-17T22:58:38.063+05:30 DEBUG 21492 --- [e-com] [http-nio-8086-exec-7] s.w.a.DelegatingAuthenticationEntryPoint : No match found. Using default entry point org.springframework.security.web.authentication.LoginUrlAuthenticationEntryPoint@a58de6f
2026-08-17T22:58:38.063+05:30 DEBUG 21492 --- [e-com] [http-nio-8086-exec-7] o.s.s.web.DefaultRedirectStrategy        : Redirecting to /login
2026-08-17T22:58:38.067+05:30 DEBUG 21492 --- [e-com] [http-nio-8086-exec-10] o.s.security.web.FilterChainProxy        : Securing GET /login
2026-08-17T22:58:42.183+05:30 DEBUG 21492 --- [e-com] [http-nio-8086-exec-8] o.s.security.web.FilterChainProxy        : Securing GET /api/v1/categories
2026-08-17T22:58:42.197+05:30 DEBUG 21492 --- [e-com] [http-nio-8086-exec-8] o.s.security.web.FilterChainProxy        : Secured GET /api/v1/categories
2026-08-17T22:58:42.400+05:30 DEBUG 21492 --- [e-com] [http-nio-8086-exec-8] o.s.s.w.a.AnonymousAuthenticationFilter  : Set SecurityContextHolder to anonymous SecurityContext
2026-08-17T22:58:42.406+05:30 DEBUG 21492 --- [e-com] [http-nio-8086-exec-9] o.s.security.web.FilterChainProxy        : Securing GET /api/v1/categories
2026-08-17T22:58:42.406+05:30 DEBUG 21492 --- [e-com] [http-nio-8086-exec-9] o.s.security.web.FilterChainProxy        : Secured GET /api/v1/categories
2026-08-17T22:58:42.423+05:30 DEBUG 21492 --- [e-com] [http-nio-8086-exec-9] o.s.s.w.a.AnonymousAuthenticationFilter  : Set SecurityContextHolder to anonymous SecurityContext
2026-08-17T22:58:46.651+05:30 DEBUG 21492 --- [e-com] [http-nio-8086-exec-3] o.s.security.web.FilterChainProxy        : Securing GET /api/v1/products
2026-08-17T22:58:46.656+05:30 DEBUG 21492 --- [e-com] [http-nio-8086-exec-3] o.s.security.web.FilterChainProxy        : Secured GET /api/v1/products
2026-08-17T22:58:46.685+05:30 DEBUG 21492 --- [e-com] [http-nio-8086-exec-3] o.s.s.w.a.AnonymousAuthenticationFilter  : Set SecurityContextHolder to anonymous SecurityContext
2026-08-17T22:58:46.685+05:30 DEBUG 21492 --- [e-com] [http-nio-8086-exec-4] o.s.security.web.FilterChainProxy        : Securing GET /api/v1/products
2026-08-17T22:58:46.693+05:30 DEBUG 21492 --- [e-com] [http-nio-8086-exec-4] o.s.security.web.FilterChainProxy        : Secured GET /api/v1/products
2026-08-17T22:58:46.733+05:30 DEBUG 21492 --- [e-com] [http-nio-8086-exec-4] o.s.s.w.a.AnonymousAuthenticationFilter  : Set SecurityContextHolder to anonymous SecurityContext
2026-08-17T22:58:48.147+05:30 DEBUG 21492 --- [e-com] [http-nio-8086-exec-1] o.s.security.web.FilterChainProxy        : Securing GET /api/v1/categories
2026-08-17T22:58:48.151+05:30 DEBUG 21492 --- [e-com] [http-nio-8086-exec-1] o.s.security.web.FilterChainProxy        : Secured GET /api/v1/categories
2026-08-17T22:58:48.167+05:30 DEBUG 21492 --- [e-com] [http-nio-8086-exec-1] o.s.s.w.a.AnonymousAuthenticationFilter  : Set SecurityContextHolder to anonymous SecurityContext
2026-08-17T22:58:48.171+05:30 DEBUG 21492 --- [e-com] [http-nio-8086-exec-2] o.s.security.web.FilterChainProxy        : Securing GET /api/v1/categories
2026-08-17T22:58:48.177+05:30 DEBUG 21492 --- [e-com] [http-nio-8086-exec-2] o.s.security.web.FilterChainProxy        : Secured GET /api/v1/categories
2026-08-17T22:58:48.211+05:30 DEBUG 21492 --- [e-com] [http-nio-8086-exec-2] o.s.s.w.a.AnonymousAuthenticationFilter  : Set SecurityContextHolder to anonymous SecurityContext
2026-08-17T22:58:48.801+05:30 DEBUG 21492 --- [e-com] [http-nio-8086-exec-6] o.s.security.web.FilterChainProxy        : Securing GET /api/v1/categories
2026-08-17T22:58:48.801+05:30 DEBUG 21492 --- [e-com] [http-nio-8086-exec-5] o.s.security.web.FilterChainProxy        : Securing GET /api/v1/products
2026-08-17T22:58:48.809+05:30 DEBUG 21492 --- [e-com] [http-nio-8086-exec-5] o.s.security.web.FilterChainProxy        : Secured GET /api/v1/products
2026-08-17T22:58:48.812+05:30 DEBUG 21492 --- [e-com] [http-nio-8086-exec-6] o.s.security.web.FilterChainProxy        : Secured GET /api/v1/categories
2026-08-17T22:58:48.832+05:30 DEBUG 21492 --- [e-com] [http-nio-8086-exec-5] o.s.s.w.a.AnonymousAuthenticationFilter  : Set SecurityContextHolder to anonymous SecurityContext
2026-08-17T22:58:48.841+05:30 DEBUG 21492 --- [e-com] [http-nio-8086-exec-7] o.s.security.web.FilterChainProxy        : Securing GET /api/v1/products
2026-08-17T22:58:48.865+05:30 DEBUG 21492 --- [e-com] [http-nio-8086-exec-7] o.s.security.web.FilterChainProxy        : Secured GET /api/v1/products
2026-08-17T22:58:48.870+05:30 DEBUG 21492 --- [e-com] [http-nio-8086-exec-6] o.s.s.w.a.AnonymousAuthenticationFilter  : Set SecurityContextHolder to anonymous SecurityContext
2026-08-17T22:58:48.873+05:30 DEBUG 21492 --- [e-com] [http-nio-8086-exec-10] o.s.security.web.FilterChainProxy        : Securing GET /api/v1/categories
2026-08-17T22:58:48.891+05:30 DEBUG 21492 --- [e-com] [http-nio-8086-exec-10] o.s.security.web.FilterChainProxy        : Secured GET /api/v1/categories
2026-08-17T22:58:48.913+05:30 DEBUG 21492 --- [e-com] [http-nio-8086-exec-7] o.s.s.w.a.AnonymousAuthenticationFilter  : Set SecurityContextHolder to anonymous SecurityContext
2026-08-17T22:58:48.914+05:30 DEBUG 21492 --- [e-com] [http-nio-8086-exec-10] o.s.s.w.a.AnonymousAuthenticationFilter  : Set SecurityContextHolder to anonymous SecurityContext
2026-08-17T22:58:49.378+05:30 DEBUG 21492 --- [e-com] [http-nio-8086-exec-8] o.s.security.web.FilterChainProxy        : Securing GET /api/v1/categories
2026-08-17T22:58:49.381+05:30 DEBUG 21492 --- [e-com] [http-nio-8086-exec-8] o.s.security.web.FilterChainProxy        : Secured GET /api/v1/categories
2026-08-17T22:58:49.406+05:30 DEBUG 21492 --- [e-com] [http-nio-8086-exec-8] o.s.s.w.a.AnonymousAuthenticationFilter  : Set SecurityContextHolder to anonymous SecurityContext
2026-08-17T22:58:49.406+05:30 DEBUG 21492 --- [e-com] [http-nio-8086-exec-9] o.s.security.web.FilterChainProxy        : Securing GET /api/v1/categories
2026-08-17T22:58:49.414+05:30 DEBUG 21492 --- [e-com] [http-nio-8086-exec-9] o.s.security.web.FilterChainProxy        : Secured GET /api/v1/categories
2026-08-17T22:58:49.435+05:30 DEBUG 21492 --- [e-com] [http-nio-8086-exec-9] o.s.s.w.a.AnonymousAuthenticationFilter  : Set SecurityContextHolder to anonymous SecurityContext
2026-08-17T22:58:49.927+05:30 DEBUG 21492 --- [e-com] [http-nio-8086-exec-3] o.s.security.web.FilterChainProxy        : Securing GET /api/v1/categories
2026-08-17T22:58:49.927+05:30 DEBUG 21492 --- [e-com] [http-nio-8086-exec-4] o.s.security.web.FilterChainProxy        : Securing GET /api/v1/products
2026-08-17T22:58:49.934+05:30 DEBUG 21492 --- [e-com] [http-nio-8086-exec-3] o.s.security.web.FilterChainProxy        : Secured GET /api/v1/categories
2026-08-17T22:58:49.934+05:30 DEBUG 21492 --- [e-com] [http-nio-8086-exec-4] o.s.security.web.FilterChainProxy        : Secured GET /api/v1/products
2026-08-17T22:58:49.984+05:30 DEBUG 21492 --- [e-com] [http-nio-8086-exec-1] o.s.security.web.FilterChainProxy        : Securing GET /api/v1/products
2026-08-17T22:58:49.984+05:30 DEBUG 21492 --- [e-com] [http-nio-8086-exec-4] o.s.s.w.a.AnonymousAuthenticationFilter  : Set SecurityContextHolder to anonymous SecurityContext
2026-08-17T22:58:49.992+05:30 DEBUG 21492 --- [e-com] [http-nio-8086-exec-3] o.s.s.w.a.AnonymousAuthenticationFilter  : Set SecurityContextHolder to anonymous SecurityContext
2026-08-17T22:58:49.999+05:30 DEBUG 21492 --- [e-com] [http-nio-8086-exec-1] o.s.security.web.FilterChainProxy        : Secured GET /api/v1/products
2026-08-17T22:58:49.999+05:30 DEBUG 21492 --- [e-com] [http-nio-8086-exec-2] o.s.security.web.FilterChainProxy        : Securing GET /api/v1/categories
2026-08-17T22:58:50.001+05:30 DEBUG 21492 --- [e-com] [http-nio-8086-exec-2] o.s.security.web.FilterChainProxy        : Secured GET /api/v1/categories
2026-08-17T22:58:50.034+05:30 DEBUG 21492 --- [e-com] [http-nio-8086-exec-2] o.s.s.w.a.AnonymousAuthenticationFilter  : Set SecurityContextHolder to anonymous SecurityContext
2026-08-17T22:58:50.053+05:30 DEBUG 21492 --- [e-com] [http-nio-8086-exec-1] o.s.s.w.a.AnonymousAuthenticationFilter  : Set SecurityContextHolder to anonymous SecurityContext
2026-08-17T22:58:50.528+05:30 DEBUG 21492 --- [e-com] [http-nio-8086-exec-5] o.s.security.web.FilterChainProxy        : Securing GET /api/v1/categories
2026-08-17T22:58:50.529+05:30 DEBUG 21492 --- [e-com] [http-nio-8086-exec-6] o.s.security.web.FilterChainProxy        : Securing GET /api/v1/products
2026-08-17T22:58:50.531+05:30 DEBUG 21492 --- [e-com] [http-nio-8086-exec-5] o.s.security.web.FilterChainProxy        : Secured GET /api/v1/categories
2026-08-17T22:58:50.531+05:30 DEBUG 21492 --- [e-com] [http-nio-8086-exec-6] o.s.security.web.FilterChainProxy        : Secured GET /api/v1/products
2026-08-17T22:58:50.533+05:30 DEBUG 21492 --- [e-com] [http-nio-8086-exec-5] o.s.s.w.a.AnonymousAuthenticationFilter  : Set SecurityContextHolder to anonymous SecurityContext
2026-08-17T22:58:50.540+05:30 DEBUG 21492 --- [e-com] [http-nio-8086-exec-6] o.s.s.w.a.AnonymousAuthenticationFilter  : Set SecurityContextHolder to anonymous SecurityContext
2026-08-17T22:58:50.541+05:30 DEBUG 21492 --- [e-com] [http-nio-8086-exec-7] o.s.security.web.FilterChainProxy        : Securing GET /api/v1/categories
2026-08-17T22:58:50.541+05:30 DEBUG 21492 --- [e-com] [http-nio-8086-exec-10] o.s.security.web.FilterChainProxy        : Securing GET /api/v1/products
2026-08-17T22:58:50.541+05:30 DEBUG 21492 --- [e-com] [http-nio-8086-exec-7] o.s.security.web.FilterChainProxy        : Secured GET /api/v1/categories
2026-08-17T22:58:50.541+05:30 DEBUG 21492 --- [e-com] [http-nio-8086-exec-10] o.s.security.web.FilterChainProxy        : Secured GET /api/v1/products
2026-08-17T22:58:50.558+05:30 DEBUG 21492 --- [e-com] [http-nio-8086-exec-7] o.s.s.w.a.AnonymousAuthenticationFilter  : Set SecurityContextHolder to anonymous SecurityContext
2026-08-17T22:58:50.570+05:30 DEBUG 21492 --- [e-com] [http-nio-8086-exec-10] o.s.s.w.a.AnonymousAuthenticationFilter  : Set SecurityContextHolder to anonymous SecurityContext
2026-08-17T22:58:51.462+05:30 DEBUG 21492 --- [e-com] [http-nio-8086-exec-8] o.s.security.web.FilterChainProxy        : Securing GET /api/v1/categories
2026-08-17T22:58:51.462+05:30 DEBUG 21492 --- [e-com] [http-nio-8086-exec-9] o.s.security.web.FilterChainProxy        : Securing GET /api/v1/products
2026-08-17T22:58:51.465+05:30 DEBUG 21492 --- [e-com] [http-nio-8086-exec-8] o.s.security.web.FilterChainProxy        : Secured GET /api/v1/categories
2026-08-17T22:58:51.465+05:30 DEBUG 21492 --- [e-com] [http-nio-8086-exec-9] o.s.security.web.FilterChainProxy        : Secured GET /api/v1/products
2026-08-17T22:58:51.496+05:30 DEBUG 21492 --- [e-com] [http-nio-8086-exec-4] o.s.security.web.FilterChainProxy        : Securing GET /api/v1/categories
2026-08-17T22:58:51.496+05:30 DEBUG 21492 --- [e-com] [http-nio-8086-exec-8] o.s.s.w.a.AnonymousAuthenticationFilter  : Set SecurityContextHolder to anonymous SecurityContext
2026-08-17T22:58:51.496+05:30 DEBUG 21492 --- [e-com] [http-nio-8086-exec-9] o.s.s.w.a.AnonymousAuthenticationFilter  : Set SecurityContextHolder to anonymous SecurityContext
2026-08-17T22:58:51.501+05:30 DEBUG 21492 --- [e-com] [http-nio-8086-exec-3] o.s.security.web.FilterChainProxy        : Securing GET /api/v1/products
2026-08-17T22:58:51.504+05:30 DEBUG 21492 --- [e-com] [http-nio-8086-exec-4] o.s.security.web.FilterChainProxy        : Secured GET /api/v1/categories
2026-08-17T22:58:51.517+05:30 DEBUG 21492 --- [e-com] [http-nio-8086-exec-3] o.s.security.web.FilterChainProxy        : Secured GET /api/v1/products
2026-08-17T22:58:51.550+05:30 DEBUG 21492 --- [e-com] [http-nio-8086-exec-4] o.s.s.w.a.AnonymousAuthenticationFilter  : Set SecurityContextHolder to anonymous SecurityContext
2026-08-17T22:58:51.555+05:30 DEBUG 21492 --- [e-com] [http-nio-8086-exec-3] o.s.s.w.a.AnonymousAuthenticationFilter  : Set SecurityContextHolder to anonymous SecurityContext
2026-08-17T22:58:52.176+05:30 DEBUG 21492 --- [e-com] [http-nio-8086-exec-2] o.s.security.web.FilterChainProxy        : Securing GET /api/v1/categories
2026-08-17T22:58:52.176+05:30 DEBUG 21492 --- [e-com] [http-nio-8086-exec-2] o.s.security.web.FilterChainProxy        : Secured GET /api/v1/categories
2026-08-17T22:58:52.204+05:30 DEBUG 21492 --- [e-com] [http-nio-8086-exec-2] o.s.s.w.a.AnonymousAuthenticationFilter  : Set SecurityContextHolder to anonymous SecurityContext
2026-08-17T22:58:52.206+05:30 DEBUG 21492 --- [e-com] [http-nio-8086-exec-1] o.s.security.web.FilterChainProxy        : Securing GET /api/v1/categories
2026-08-17T22:58:52.214+05:30 DEBUG 21492 --- [e-com] [http-nio-8086-exec-1] o.s.security.web.FilterChainProxy        : Secured GET /api/v1/categories
2026-08-17T22:58:52.231+05:30 DEBUG 21492 --- [e-com] [http-nio-8086-exec-1] o.s.s.w.a.AnonymousAuthenticationFilter  : Set SecurityContextHolder to anonymous SecurityContext
2026-08-17T22:58:56.210+05:30 DEBUG 21492 --- [e-com] [http-nio-8086-exec-5] o.s.security.web.FilterChainProxy        : Securing GET /api/v1/products
2026-08-17T22:58:56.210+05:30 DEBUG 21492 --- [e-com] [http-nio-8086-exec-5] o.s.security.web.FilterChainProxy        : Secured GET /api/v1/products
2026-08-17T22:58:56.237+05:30 DEBUG 21492 --- [e-com] [http-nio-8086-exec-5] o.s.s.w.a.AnonymousAuthenticationFilter  : Set SecurityContextHolder to anonymous SecurityContext
2026-08-17T22:58:56.242+05:30 DEBUG 21492 --- [e-com] [http-nio-8086-exec-6] o.s.security.web.FilterChainProxy        : Securing GET /api/v1/products
2026-08-17T22:58:56.250+05:30 DEBUG 21492 --- [e-com] [http-nio-8086-exec-6] o.s.security.web.FilterChainProxy        : Secured GET /api/v1/products
2026-08-17T22:58:56.284+05:30 DEBUG 21492 --- [e-com] [http-nio-8086-exec-6] o.s.s.w.a.AnonymousAuthenticationFilter  : Set SecurityContextHolder to anonymous SecurityContext
2026-08-17T22:58:56.406+05:30 DEBUG 21492 --- [e-com] [http-nio-8086-exec-7] o.s.security.web.FilterChainProxy        : Securing GET /api/v1/categories
2026-08-17T22:58:56.410+05:30 DEBUG 21492 --- [e-com] [http-nio-8086-exec-7] o.s.security.web.FilterChainProxy        : Secured GET /api/v1/categories
2026-08-17T22:58:56.433+05:30 DEBUG 21492 --- [e-com] [http-nio-8086-exec-7] o.s.s.w.a.AnonymousAuthenticationFilter  : Set SecurityContextHolder to anonymous SecurityContext
2026-08-17T22:58:56.433+05:30 DEBUG 21492 --- [e-com] [http-nio-8086-exec-10] o.s.security.web.FilterChainProxy        : Securing GET /api/v1/categories
2026-08-17T22:58:56.441+05:30 DEBUG 21492 --- [e-com] [http-nio-8086-exec-10] o.s.security.web.FilterChainProxy        : Secured GET /api/v1/categories
2026-08-17T22:58:56.464+05:30 DEBUG 21492 --- [e-com] [http-nio-8086-exec-10] o.s.s.w.a.AnonymousAuthenticationFilter  : Set SecurityContextHolder to anonymous SecurityContext
2026-08-17T22:58:56.802+05:30 DEBUG 21492 --- [e-com] [http-nio-8086-exec-8] o.s.security.web.FilterChainProxy        : Securing GET /api/v1/products
2026-08-17T22:58:56.805+05:30 DEBUG 21492 --- [e-com] [http-nio-8086-exec-8] o.s.security.web.FilterChainProxy        : Secured GET /api/v1/products
2026-08-17T22:58:56.841+05:30 DEBUG 21492 --- [e-com] [http-nio-8086-exec-8] o.s.s.w.a.AnonymousAuthenticationFilter  : Set SecurityContextHolder to anonymous SecurityContext
2026-08-17T22:58:56.843+05:30 DEBUG 21492 --- [e-com] [http-nio-8086-exec-9] o.s.security.web.FilterChainProxy        : Securing GET /api/v1/products
2026-08-17T22:58:56.851+05:30 DEBUG 21492 --- [e-com] [http-nio-8086-exec-9] o.s.security.web.FilterChainProxy        : Secured GET /api/v1/products
2026-08-17T22:58:56.870+05:30 DEBUG 21492 --- [e-com] [http-nio-8086-exec-9] o.s.s.w.a.AnonymousAuthenticationFilter  : Set SecurityContextHolder to anonymous SecurityContext
2026-08-17T23:00:48.023+05:30 DEBUG 21492 --- [e-com] [http-nio-8086-exec-5] o.s.security.web.FilterChainProxy        : Securing GET /api/v1/products
2026-08-17T23:00:48.029+05:30 DEBUG 21492 --- [e-com] [http-nio-8086-exec-5] o.s.security.web.FilterChainProxy        : Secured GET /api/v1/products
2026-08-17T23:00:48.054+05:30 DEBUG 21492 --- [e-com] [http-nio-8086-exec-5] o.s.s.w.a.AnonymousAuthenticationFilter  : Set SecurityContextHolder to anonymous SecurityContext
2026-08-17T23:00:48.071+05:30 DEBUG 21492 --- [e-com] [http-nio-8086-exec-5] o.s.security.web.FilterChainProxy        : Securing GET /api/v1/products
2026-08-17T23:00:48.071+05:30 DEBUG 21492 --- [e-com] [http-nio-8086-exec-5] o.s.security.web.FilterChainProxy        : Secured GET /api/v1/products
2026-08-17T23:00:48.102+05:30 DEBUG 21492 --- [e-com] [http-nio-8086-exec-5] o.s.s.w.a.AnonymousAuthenticationFilter  : Set SecurityContextHolder to anonymous SecurityContext
2026-08-17T23:03:54.628+05:30 DEBUG 21492 --- [e-com] [http-nio-8086-exec-8] o.s.security.web.FilterChainProxy        : Securing GET /api/v1/products
2026-08-17T23:03:54.639+05:30 DEBUG 21492 --- [e-com] [http-nio-8086-exec-8] o.s.security.web.FilterChainProxy        : Secured GET /api/v1/products
2026-08-17T23:03:54.689+05:30 DEBUG 21492 --- [e-com] [http-nio-8086-exec-8] o.s.s.w.a.AnonymousAuthenticationFilter  : Set SecurityContextHolder to anonymous SecurityContext
2026-08-17T23:03:54.699+05:30 DEBUG 21492 --- [e-com] [http-nio-8086-exec-9] o.s.security.web.FilterChainProxy        : Securing GET /api/v1/products
2026-08-17T23:03:54.703+05:30 DEBUG 21492 --- [e-com] [http-nio-8086-exec-9] o.s.security.web.FilterChainProxy        : Secured GET /api/v1/products
2026-08-17T23:03:54.738+05:30 DEBUG 21492 --- [e-com] [http-nio-8086-exec-9] o.s.s.w.a.AnonymousAuthenticationFilter  : Set SecurityContextHolder to anonymous SecurityContext
2026-08-17T23:03:56.434+05:30 DEBUG 21492 --- [e-com] [http-nio-8086-exec-4] o.s.security.web.FilterChainProxy        : Securing GET /oauth2/authorization/google?role=user
2026-08-17T23:03:56.484+05:30 DEBUG 21492 --- [e-com] [http-nio-8086-exec-4] o.s.s.web.DefaultRedirectStrategy        : Redirecting to https://accounts.google.com/o/oauth2/v2/auth?response_type=code&client_id=505869046781-tub17i3p1ceh7n7o2mt95edtdf1mr3a1.apps.googleusercontent.com&scope=profile%20email&state=qPCVFmHTSXhxr92C_ZCMY1_jolYchQ-DI9ZY6jWHEHU%3D&redirect_uri=http://localhost:8086/login/oauth2/code/google&code_challenge=6ptLWVt1wi14ZFNXLaK1Yiw3tCsYQa5YFzezlx8EAy4&code_challenge_method=S256
2026-08-17T23:04:51.634+05:30  INFO 21492 --- [e-com] [SpringApplicationShutdownHook] o.s.boot.tomcat.GracefulShutdown         : Commencing graceful shutdown. Waiting for active requests to complete
2026-08-17T23:04:51.800+05:30  INFO 21492 --- [e-com] [tomcat-shutdown] o.s.boot.tomcat.GracefulShutdown         : Graceful shutdown complete
2026-08-17T23:04:51.844+05:30  INFO 21492 --- [e-com] [SpringApplicationShutdownHook] j.LocalContainerEntityManagerFactoryBean : Closing JPA EntityManagerFactory for persistence unit 'default'
2026-08-17T23:04:51.898+05:30  INFO 21492 --- [e-com] [SpringApplicationShutdownHook] com.zaxxer.hikari.HikariDataSource       : HikariPool-1 - Shutdown initiated...
2026-08-17T23:04:51.919+05:30  INFO 21492 --- [e-com] [SpringApplicationShutdownHook] com.zaxxer.hikari.HikariDataSource       : HikariPool-1 - Shutdown completed.
2026-08-17T23:05:06.089+05:30  INFO 21892 --- [e-com] [main] com.achiles.e_com.EComApplication        : Starting EComApplication using Java 17.0.16 with PID 21892 (C:\Users\Lenovo\Downloads\e-com\e-com\target\classes started by Lenovo in C:\Users\Lenovo\Downloads\e-com\e-com)
2026-08-17T23:05:06.093+05:30  INFO 21892 --- [e-com] [main] com.achiles.e_com.EComApplication        : No active profile set, falling back to 1 default profile: "default"
2026-08-17T23:05:06.771+05:30  INFO 21892 --- [e-com] [main] .s.d.r.c.RepositoryConfigurationDelegate : Bootstrapping Spring Data JPA repositories in DEFAULT mode.
2026-08-17T23:05:06.878+05:30  INFO 21892 --- [e-com] [main] .s.d.r.c.RepositoryConfigurationDelegate : Finished Spring Data repository scanning in 96 ms. Found 15 JPA repository interfaces.
2026-08-17T23:05:07.358+05:30  INFO 21892 --- [e-com] [main] o.s.boot.tomcat.TomcatWebServer          : Tomcat initialized with port 8086 (http)
2026-08-17T23:05:07.374+05:30  INFO 21892 --- [e-com] [main] o.apache.catalina.core.StandardService   : Starting service [Tomcat]
2026-08-17T23:05:07.374+05:30  INFO 21892 --- [e-com] [main] o.apache.catalina.core.StandardEngine    : Starting Servlet engine: [Apache Tomcat/11.0.22]
2026-08-17T23:05:07.448+05:30  INFO 21892 --- [e-com] [main] b.w.c.s.WebApplicationContextInitializer : Root WebApplicationContext: initialization completed in 1308 ms
2026-08-17T23:05:07.709+05:30  INFO 21892 --- [e-com] [main] com.zaxxer.hikari.HikariDataSource       : HikariPool-1 - Starting...
2026-08-17T23:05:07.868+05:30  INFO 21892 --- [e-com] [main] com.zaxxer.hikari.pool.HikariPool        : HikariPool-1 - Added connection com.mysql.cj.jdbc.ConnectionImpl@7a55fb81
2026-08-17T23:05:07.868+05:30  INFO 21892 --- [e-com] [main] com.zaxxer.hikari.HikariDataSource       : HikariPool-1 - Start completed.
2026-08-17T23:05:07.882+05:30  INFO 21892 --- [e-com] [main] org.flywaydb.core.FlywayExecutor         : Database: jdbc:mysql://localhost:3306/ecom?createDatabaseIfNotExist=true&useSSL=false&allowPublicKeyRetrieval=true&serverTimezone=UTC (MySQL 5.5)
2026-08-17T23:05:08.106+05:30  INFO 21892 --- [e-com] [main] o.f.core.internal.command.DbValidate     : Successfully validated 8 migrations (execution time 00:00.047s)
2026-08-17T23:05:08.123+05:30  INFO 21892 --- [e-com] [main] o.f.core.internal.command.DbMigrate      : Current version of schema `ecom`: 8
2026-08-17T23:05:08.128+05:30  INFO 21892 --- [e-com] [main] o.f.core.internal.command.DbMigrate      : Schema `ecom` is up to date. No migration necessary.
2026-08-17T23:05:08.229+05:30  INFO 21892 --- [e-com] [main] org.hibernate.orm.jpa                    : HHH008540: Processing PersistenceUnitInfo [name: default]
2026-08-17T23:05:08.299+05:30  INFO 21892 --- [e-com] [main] org.hibernate.orm.core                   : HHH000001: Hibernate ORM core version 7.4.1.Final
2026-08-17T23:05:08.728+05:30  INFO 21892 --- [e-com] [main] o.s.o.j.p.SpringPersistenceUnitInfo      : No LoadTimeWeaver setup: ignoring JPA class transformer
2026-08-17T23:05:08.813+05:30  WARN 21892 --- [e-com] [main] org.hibernate.orm.core                   : HHH000511: The 5.5.5 version for [org.hibernate.dialect.MySQLDialect] is no longer supported, hence certain features may not work properly.The minimum supported version is 8.0.0. Check the community dialects project for available legacy versions.
2026-08-17T23:05:08.831+05:30  INFO 21892 --- [e-com] [main] org.hibernate.orm.connections.pooling    : HHH10001005: Database info:
	Database JDBC URL [jdbc:mysql://localhost:3306/ecom?createDatabaseIfNotExist=true&useSSL=false&allowPublicKeyRetrieval=true&serverTimezone=UTC]
	Database driver: MySQL Connector/J
	Database dialect: MySQLDialect
	Database version: 5.5.5
	Default catalog/schema: ecom/undefined
	Autocommit mode: undefined/unknown
	Isolation level: REPEATABLE_READ [default REPEATABLE_READ]
	JDBC fetch size: none
	Pool: DataSourceConnectionProvider
	Minimum pool size: undefined/unknown
	Maximum pool size: undefined/unknown
2026-08-17T23:05:10.028+05:30  INFO 21892 --- [e-com] [main] org.hibernate.orm.core                   : HHH000489: No JTA platform available (set 'hibernate.transaction.jta.platform' to enable JTA platform integration)
2026-08-17T23:05:10.038+05:30  INFO 21892 --- [e-com] [main] j.LocalContainerEntityManagerFactoryBean : Initialized JPA EntityManagerFactory for persistence unit 'default'
2026-08-17T23:05:10.108+05:30  INFO 21892 --- [e-com] [main] o.s.d.j.r.query.QueryEnhancerFactories   : Hibernate is in classpath; If applicable, HQL parser will be used.
2026-08-17T23:05:11.548+05:30  WARN 21892 --- [e-com] [main] JpaBaseConfiguration$JpaWebConfiguration : spring.jpa.open-in-view is enabled by default. Therefore, database queries may be performed during view rendering. Explicitly configure spring.jpa.open-in-view to disable this warning
2026-08-17T23:05:11.723+05:30 DEBUG 21892 --- [e-com] [main] swordEncoderAuthenticationManagerBuilder : No authenticationProviders and no parentAuthenticationManager defined. Returning null.
2026-08-17T23:05:12.188+05:30 DEBUG 21892 --- [e-com] [main] o.s.s.web.DefaultSecurityFilterChain     : Will secure any request with filters: DisableEncodeUrlFilter, WebAsyncManagerIntegrationFilter, SecurityContextHolderFilter, HeaderWriterFilter, CorsFilter, LogoutFilter, OAuth2AuthorizationRequestRedirectFilter, OAuth2LoginAuthenticationFilter, DefaultResourcesFilter, DefaultLoginPageGeneratingFilter, DefaultLogoutPageGeneratingFilter, RequestCacheAwareFilter, SecurityContextHolderAwareRequestFilter, AnonymousAuthenticationFilter, ExceptionTranslationFilter, AuthorizationFilter
2026-08-17T23:05:13.145+05:30  INFO 21892 --- [e-com] [main] o.s.boot.tomcat.TomcatWebServer          : Tomcat started on port 8086 (http) with context path '/'
2026-08-17T23:05:13.161+05:30  INFO 21892 --- [e-com] [main] com.achiles.e_com.EComApplication        : Started EComApplication in 7.55 seconds (process running for 8.199)
2026-08-17T23:05:18.988+05:30  INFO 21892 --- [e-com] [http-nio-8086-exec-1] o.a.c.c.C.[Tomcat].[localhost].[/]       : Initializing Spring DispatcherServlet 'dispatcherServlet'
2026-08-17T23:05:18.991+05:30  INFO 21892 --- [e-com] [http-nio-8086-exec-1] o.s.web.servlet.DispatcherServlet        : Initializing Servlet 'dispatcherServlet'
2026-08-17T23:05:18.991+05:30  INFO 21892 --- [e-com] [http-nio-8086-exec-1] o.s.web.servlet.DispatcherServlet        : Completed initialization in 0 ms
2026-08-17T23:05:19.018+05:30 DEBUG 21892 --- [e-com] [http-nio-8086-exec-1] o.s.security.web.FilterChainProxy        : Securing GET /api/v1/products
2026-08-17T23:05:19.123+05:30 DEBUG 21892 --- [e-com] [http-nio-8086-exec-1] o.s.security.web.FilterChainProxy        : Secured GET /api/v1/products
2026-08-17T23:05:19.413+05:30 DEBUG 21892 --- [e-com] [http-nio-8086-exec-1] o.s.s.w.a.AnonymousAuthenticationFilter  : Set SecurityContextHolder to anonymous SecurityContext
2026-08-17T23:05:19.413+05:30 DEBUG 21892 --- [e-com] [http-nio-8086-exec-2] o.s.security.web.FilterChainProxy        : Securing GET /api/v1/products
2026-08-17T23:05:19.418+05:30 DEBUG 21892 --- [e-com] [http-nio-8086-exec-2] o.s.security.web.FilterChainProxy        : Secured GET /api/v1/products
2026-08-17T23:05:19.445+05:30 DEBUG 21892 --- [e-com] [http-nio-8086-exec-2] o.s.s.w.a.AnonymousAuthenticationFilter  : Set SecurityContextHolder to anonymous SecurityContext
2026-08-17T23:05:21.302+05:30 DEBUG 21892 --- [e-com] [http-nio-8086-exec-3] o.s.security.web.FilterChainProxy        : Securing GET /oauth2/authorization/google?role=user
2026-08-17T23:05:21.841+05:30  WARN 21892 --- [e-com] [http-nio-8086-exec-3] o.a.c.util.SessionIdGeneratorBase        : Creation of SecureRandom instance for session ID generation using [SHA1PRNG] took [522] milliseconds.
2026-08-17T23:05:21.849+05:30 DEBUG 21892 --- [e-com] [http-nio-8086-exec-3] o.s.s.web.DefaultRedirectStrategy        : Redirecting to https://accounts.google.com/o/oauth2/v2/auth?response_type=code&client_id=505869046781-0jiq789b3odaamdsohvfgcf7uh141ust.apps.googleusercontent.com&scope=profile%20email&state=ri4VHxUYAS0Vasc49VPbeYWK9VZPLOtxXws6AaNM-_A%3D&redirect_uri=http://localhost:8086/login/oauth2/code/google&code_challenge=qo1O9ueBCx2akChHPcuiyGb-Bsd8v3nTxoUTNtxrhWI&code_challenge_method=S256
2026-08-17T23:05:38.380+05:30 DEBUG 21892 --- [e-com] [http-nio-8086-exec-4] o.s.security.web.FilterChainProxy        : Securing GET /login/oauth2/code/google?state=ri4VHxUYAS0Vasc49VPbeYWK9VZPLOtxXws6AaNM-_A%3D&iss=https%3A%2F%2Faccounts.google.com&code=4%2F0ATsMZqA5SpAZSChnYFY4XiKlFh2nqJsZ2Oimfw06sGZ3ukcjrl00SJFIXUQHXZ1jdJmgYg&scope=email+profile+https%3A%2F%2Fwww.googleapis.com%2Fauth%2Fuserinfo.profile+https%3A%2F%2Fwww.googleapis.com%2Fauth%2Fuserinfo.email+openid&authuser=1&prompt=consent
2026-08-17T23:06:20.744+05:30 DEBUG 21892 --- [e-com] [http-nio-8086-exec-4] o.s.s.authentication.ProviderManager     : Authentication failed with provider OAuth2LoginAuthenticationProvider since [invalid_token_response] An error occurred while attempting to retrieve the OAuth 2.0 Access Token Response: I/O error on POST request for "https://www.googleapis.com/oauth2/v4/token": null
2026-08-17T23:06:20.752+05:30 DEBUG 21892 --- [e-com] [http-nio-8086-exec-4] .s.a.DefaultAuthenticationEventPublisher : No event was found for the exception org.springframework.security.oauth2.core.OAuth2AuthenticationException
2026-08-17T23:06:20.752+05:30 DEBUG 21892 --- [e-com] [http-nio-8086-exec-4] o.s.s.web.DefaultRedirectStrategy        : Redirecting to /login?error
2026-08-17T23:06:20.760+05:30 DEBUG 21892 --- [e-com] [http-nio-8086-exec-6] o.s.security.web.FilterChainProxy        : Securing GET /login?error
2026-08-17T23:06:20.845+05:30 DEBUG 21892 --- [e-com] [http-nio-8086-exec-7] o.s.security.web.FilterChainProxy        : Securing GET /default-ui.css
2026-08-17T23:06:20.893+05:30 DEBUG 21892 --- [e-com] [http-nio-8086-exec-8] o.s.security.web.FilterChainProxy        : Securing GET /favicon.ico
2026-08-17T23:06:20.900+05:30 DEBUG 21892 --- [e-com] [http-nio-8086-exec-8] o.s.s.w.a.AnonymousAuthenticationFilter  : Set SecurityContextHolder to anonymous SecurityContext
2026-08-17T23:06:20.907+05:30 DEBUG 21892 --- [e-com] [http-nio-8086-exec-8] s.w.a.DelegatingAuthenticationEntryPoint : Trying to match using And [Not [RequestHeaderRequestMatcher [expectedHeaderName=X-Requested-With, expectedHeaderValue=XMLHttpRequest]], Not [And [Or [PathPattern [/login], PathPattern [/favicon.ico]], And [Not [RequestHeaderRequestMatcher [expectedHeaderName=X-Requested-With, expectedHeaderValue=XMLHttpRequest]], MediaTypeRequestMatcher [contentNegotiationStrategy=org.springframework.web.accept.ContentNegotiationManager@360c25f, matchingMediaTypes=[application/xhtml+xml, image/*, text/html, text/plain], useEquals=false, ignoredMediaTypes=[*/*]]]]], org.springframework.security.config.annotation.web.configurers.oauth2.client.OAuth2LoginConfigurer$$Lambda$2069/0x0000026701c22670@8103a72]
2026-08-17T23:06:20.910+05:30 DEBUG 21892 --- [e-com] [http-nio-8086-exec-8] s.w.a.DelegatingAuthenticationEntryPoint : No match found. Using default entry point org.springframework.security.web.authentication.LoginUrlAuthenticationEntryPoint@2c8805cd
2026-08-17T23:06:20.920+05:30 DEBUG 21892 --- [e-com] [http-nio-8086-exec-8] o.s.s.web.DefaultRedirectStrategy        : Redirecting to /login
2026-08-17T23:06:20.942+05:30 DEBUG 21892 --- [e-com] [http-nio-8086-exec-9] o.s.security.web.FilterChainProxy        : Securing GET /login
2026-08-17T23:07:52.364+05:30 DEBUG 21892 --- [e-com] [http-nio-8086-exec-1] o.s.security.web.FilterChainProxy        : Securing GET /api/v1/products
2026-08-17T23:07:52.373+05:30 DEBUG 21892 --- [e-com] [http-nio-8086-exec-1] o.s.security.web.FilterChainProxy        : Secured GET /api/v1/products
2026-08-17T23:07:52.451+05:30 DEBUG 21892 --- [e-com] [http-nio-8086-exec-1] o.s.s.w.a.AnonymousAuthenticationFilter  : Set SecurityContextHolder to anonymous SecurityContext
2026-08-17T23:07:52.457+05:30 DEBUG 21892 --- [e-com] [http-nio-8086-exec-2] o.s.security.web.FilterChainProxy        : Securing GET /api/v1/products
2026-08-17T23:07:52.460+05:30 DEBUG 21892 --- [e-com] [http-nio-8086-exec-2] o.s.security.web.FilterChainProxy        : Secured GET /api/v1/products
2026-08-17T23:07:52.481+05:30 DEBUG 21892 --- [e-com] [http-nio-8086-exec-2] o.s.s.w.a.AnonymousAuthenticationFilter  : Set SecurityContextHolder to anonymous SecurityContext
2026-08-17T23:10:16.740+05:30  INFO 21892 --- [e-com] [SpringApplicationShutdownHook] o.s.boot.tomcat.GracefulShutdown         : Commencing graceful shutdown. Waiting for active requests to complete
2026-08-17T23:10:16.871+05:30  INFO 21892 --- [e-com] [tomcat-shutdown] o.s.boot.tomcat.GracefulShutdown         : Graceful shutdown complete
2026-08-17T23:10:16.891+05:30  INFO 21892 --- [e-com] [SpringApplicationShutdownHook] j.LocalContainerEntityManagerFactoryBean : Closing JPA EntityManagerFactory for persistence unit 'default'
2026-08-17T23:10:16.902+05:30  INFO 21892 --- [e-com] [SpringApplicationShutdownHook] com.zaxxer.hikari.HikariDataSource       : HikariPool-1 - Shutdown initiated...
2026-08-17T23:10:16.918+05:30  INFO 21892 --- [e-com] [SpringApplicationShutdownHook] com.zaxxer.hikari.HikariDataSource       : HikariPool-1 - Shutdown completed.
2026-08-17T23:10:32.107+05:30  INFO 22144 --- [e-com] [main] com.achiles.e_com.EComApplication        : Starting EComApplication using Java 17.0.16 with PID 22144 (C:\Users\Lenovo\Downloads\e-com\e-com\target\classes started by Lenovo in C:\Users\Lenovo\Downloads\e-com\e-com)
2026-08-17T23:10:32.110+05:30  INFO 22144 --- [e-com] [main] com.achiles.e_com.EComApplication        : No active profile set, falling back to 1 default profile: "default"
2026-08-17T23:10:32.836+05:30  INFO 22144 --- [e-com] [main] .s.d.r.c.RepositoryConfigurationDelegate : Bootstrapping Spring Data JPA repositories in DEFAULT mode.
2026-08-17T23:10:32.940+05:30  INFO 22144 --- [e-com] [main] .s.d.r.c.RepositoryConfigurationDelegate : Finished Spring Data repository scanning in 97 ms. Found 15 JPA repository interfaces.
2026-08-17T23:10:33.405+05:30  INFO 22144 --- [e-com] [main] o.s.boot.tomcat.TomcatWebServer          : Tomcat initialized with port 8086 (http)
2026-08-17T23:10:33.419+05:30  INFO 22144 --- [e-com] [main] o.apache.catalina.core.StandardService   : Starting service [Tomcat]
2026-08-17T23:10:33.420+05:30  INFO 22144 --- [e-com] [main] o.apache.catalina.core.StandardEngine    : Starting Servlet engine: [Apache Tomcat/11.0.22]
2026-08-17T23:10:33.487+05:30  INFO 22144 --- [e-com] [main] b.w.c.s.WebApplicationContextInitializer : Root WebApplicationContext: initialization completed in 1304 ms
2026-08-17T23:10:33.770+05:30  INFO 22144 --- [e-com] [main] com.zaxxer.hikari.HikariDataSource       : HikariPool-1 - Starting...
2026-08-17T23:10:33.950+05:30  INFO 22144 --- [e-com] [main] com.zaxxer.hikari.pool.HikariPool        : HikariPool-1 - Added connection com.mysql.cj.jdbc.ConnectionImpl@7574d4ad
2026-08-17T23:10:33.954+05:30  INFO 22144 --- [e-com] [main] com.zaxxer.hikari.HikariDataSource       : HikariPool-1 - Start completed.
2026-08-17T23:10:33.965+05:30  INFO 22144 --- [e-com] [main] org.flywaydb.core.FlywayExecutor         : Database: jdbc:mysql://localhost:3306/ecom?createDatabaseIfNotExist=true&useSSL=false&allowPublicKeyRetrieval=true&serverTimezone=UTC (MySQL 5.5)
2026-08-17T23:10:34.160+05:30  INFO 22144 --- [e-com] [main] o.f.core.internal.command.DbValidate     : Successfully validated 8 migrations (execution time 00:00.042s)
2026-08-17T23:10:34.176+05:30  INFO 22144 --- [e-com] [main] o.f.core.internal.command.DbMigrate      : Current version of schema `ecom`: 8
2026-08-17T23:10:34.180+05:30  INFO 22144 --- [e-com] [main] o.f.core.internal.command.DbMigrate      : Schema `ecom` is up to date. No migration necessary.
2026-08-17T23:10:34.270+05:30  INFO 22144 --- [e-com] [main] org.hibernate.orm.jpa                    : HHH008540: Processing PersistenceUnitInfo [name: default]
2026-08-17T23:10:34.340+05:30  INFO 22144 --- [e-com] [main] org.hibernate.orm.core                   : HHH000001: Hibernate ORM core version 7.4.1.Final
2026-08-17T23:10:34.760+05:30  INFO 22144 --- [e-com] [main] o.s.o.j.p.SpringPersistenceUnitInfo      : No LoadTimeWeaver setup: ignoring JPA class transformer
2026-08-17T23:10:34.838+05:30  WARN 22144 --- [e-com] [main] org.hibernate.orm.core                   : HHH000511: The 5.5.5 version for [org.hibernate.dialect.MySQLDialect] is no longer supported, hence certain features may not work properly.The minimum supported version is 8.0.0. Check the community dialects project for available legacy versions.
2026-08-17T23:10:34.859+05:30  INFO 22144 --- [e-com] [main] org.hibernate.orm.connections.pooling    : HHH10001005: Database info:
	Database JDBC URL [jdbc:mysql://localhost:3306/ecom?createDatabaseIfNotExist=true&useSSL=false&allowPublicKeyRetrieval=true&serverTimezone=UTC]
	Database driver: MySQL Connector/J
	Database dialect: MySQLDialect
	Database version: 5.5.5
	Default catalog/schema: ecom/undefined
	Autocommit mode: undefined/unknown
	Isolation level: REPEATABLE_READ [default REPEATABLE_READ]
	JDBC fetch size: none
	Pool: DataSourceConnectionProvider
	Minimum pool size: undefined/unknown
	Maximum pool size: undefined/unknown
2026-08-17T23:10:36.048+05:30  INFO 22144 --- [e-com] [main] org.hibernate.orm.core                   : HHH000489: No JTA platform available (set 'hibernate.transaction.jta.platform' to enable JTA platform integration)
2026-08-17T23:10:36.058+05:30  INFO 22144 --- [e-com] [main] j.LocalContainerEntityManagerFactoryBean : Initialized JPA EntityManagerFactory for persistence unit 'default'
2026-08-17T23:10:36.120+05:30  INFO 22144 --- [e-com] [main] o.s.d.j.r.query.QueryEnhancerFactories   : Hibernate is in classpath; If applicable, HQL parser will be used.
2026-08-17T23:10:37.104+05:30  WARN 22144 --- [e-com] [main] JpaBaseConfiguration$JpaWebConfiguration : spring.jpa.open-in-view is enabled by default. Therefore, database queries may be performed during view rendering. Explicitly configure spring.jpa.open-in-view to disable this warning
2026-08-17T23:10:37.170+05:30 DEBUG 22144 --- [e-com] [main] swordEncoderAuthenticationManagerBuilder : No authenticationProviders and no parentAuthenticationManager defined. Returning null.
2026-08-17T23:10:37.484+05:30 DEBUG 22144 --- [e-com] [main] o.s.s.web.DefaultSecurityFilterChain     : Will secure any request with filters: DisableEncodeUrlFilter, WebAsyncManagerIntegrationFilter, SecurityContextHolderFilter, HeaderWriterFilter, CorsFilter, LogoutFilter, OAuth2AuthorizationRequestRedirectFilter, OAuth2LoginAuthenticationFilter, DefaultResourcesFilter, DefaultLoginPageGeneratingFilter, DefaultLogoutPageGeneratingFilter, RequestCacheAwareFilter, SecurityContextHolderAwareRequestFilter, AnonymousAuthenticationFilter, ExceptionTranslationFilter, AuthorizationFilter
2026-08-17T23:10:38.570+05:30  INFO 22144 --- [e-com] [main] o.s.boot.tomcat.TomcatWebServer          : Tomcat started on port 8086 (http) with context path '/'
2026-08-17T23:10:38.596+05:30  INFO 22144 --- [e-com] [main] com.achiles.e_com.EComApplication        : Started EComApplication in 6.94 seconds (process running for 7.698)
2026-08-17T23:10:43.403+05:30  INFO 22144 --- [e-com] [http-nio-8086-exec-1] o.a.c.c.C.[Tomcat].[localhost].[/]       : Initializing Spring DispatcherServlet 'dispatcherServlet'
2026-08-17T23:10:43.403+05:30  INFO 22144 --- [e-com] [http-nio-8086-exec-1] o.s.web.servlet.DispatcherServlet        : Initializing Servlet 'dispatcherServlet'
2026-08-17T23:10:43.411+05:30  INFO 22144 --- [e-com] [http-nio-8086-exec-1] o.s.web.servlet.DispatcherServlet        : Completed initialization in 3 ms
2026-08-17T23:10:43.433+05:30 DEBUG 22144 --- [e-com] [http-nio-8086-exec-1] o.s.security.web.FilterChainProxy        : Securing GET /oauth2/authorization/google?role=user
2026-08-17T23:10:43.898+05:30  WARN 22144 --- [e-com] [http-nio-8086-exec-1] o.a.c.util.SessionIdGeneratorBase        : Creation of SecureRandom instance for session ID generation using [SHA1PRNG] took [386] milliseconds.
2026-08-17T23:10:43.904+05:30 DEBUG 22144 --- [e-com] [http-nio-8086-exec-1] o.s.s.web.DefaultRedirectStrategy        : Redirecting to https://accounts.google.com/o/oauth2/v2/auth?response_type=code&client_id=505869046781-0jiq789b3odaamdsohvfgcf7uh141ust.apps.googleusercontent.com&scope=profile%20email&state=RmMXJ4PfBbtXT_L5YgG2KSfo3eHxEFx6GunkMkpIv9M%3D&redirect_uri=http://localhost:8086/login/oauth2/code/google&code_challenge=DYjBo_8LpZY1Iwgc8E-Cz3mmYrsBBhhGOYqmCO-eTwA&code_challenge_method=S256
2026-08-17T23:10:52.888+05:30 DEBUG 22144 --- [e-com] [http-nio-8086-exec-2] o.s.security.web.FilterChainProxy        : Securing GET /login/oauth2/code/google?state=RmMXJ4PfBbtXT_L5YgG2KSfo3eHxEFx6GunkMkpIv9M%3D&iss=https%3A%2F%2Faccounts.google.com&code=4%2F0ATsMZqCxVDv19ql2L04RgRW8_AfH0A3PWPAGW7vgPoXKTf8gQkww64MD2D-8S82Bhw-m6Q&scope=email+profile+https%3A%2F%2Fwww.googleapis.com%2Fauth%2Fuserinfo.profile+https%3A%2F%2Fwww.googleapis.com%2Fauth%2Fuserinfo.email+openid&authuser=0&prompt=consent
2026-08-17T23:11:35.180+05:30 DEBUG 22144 --- [e-com] [http-nio-8086-exec-2] o.s.s.authentication.ProviderManager     : Authentication failed with provider OAuth2LoginAuthenticationProvider since [invalid_token_response] An error occurred while attempting to retrieve the OAuth 2.0 Access Token Response: I/O error on POST request for "https://www.googleapis.com/oauth2/v4/token": null
2026-08-17T23:11:35.180+05:30 DEBUG 22144 --- [e-com] [http-nio-8086-exec-2] .s.a.DefaultAuthenticationEventPublisher : No event was found for the exception org.springframework.security.oauth2.core.OAuth2AuthenticationException
2026-08-17T23:11:35.185+05:30 DEBUG 22144 --- [e-com] [http-nio-8086-exec-2] o.s.s.web.DefaultRedirectStrategy        : Redirecting to /login?error
2026-08-17T23:11:35.200+05:30 DEBUG 22144 --- [e-com] [http-nio-8086-exec-3] o.s.security.web.FilterChainProxy        : Securing GET /login?error
2026-08-17T23:11:35.320+05:30 DEBUG 22144 --- [e-com] [http-nio-8086-exec-5] o.s.security.web.FilterChainProxy        : Securing GET /default-ui.css
2026-08-17T23:11:35.370+05:30 DEBUG 22144 --- [e-com] [http-nio-8086-exec-4] o.s.security.web.FilterChainProxy        : Securing GET /favicon.ico
2026-08-17T23:11:35.379+05:30 DEBUG 22144 --- [e-com] [http-nio-8086-exec-4] o.s.s.w.a.AnonymousAuthenticationFilter  : Set SecurityContextHolder to anonymous SecurityContext
2026-08-17T23:11:35.390+05:30 DEBUG 22144 --- [e-com] [http-nio-8086-exec-4] s.w.a.DelegatingAuthenticationEntryPoint : Trying to match using And [Not [RequestHeaderRequestMatcher [expectedHeaderName=X-Requested-With, expectedHeaderValue=XMLHttpRequest]], Not [And [Or [PathPattern [/login], PathPattern [/favicon.ico]], And [Not [RequestHeaderRequestMatcher [expectedHeaderName=X-Requested-With, expectedHeaderValue=XMLHttpRequest]], MediaTypeRequestMatcher [contentNegotiationStrategy=org.springframework.web.accept.ContentNegotiationManager@7094f0ae, matchingMediaTypes=[application/xhtml+xml, image/*, text/html, text/plain], useEquals=false, ignoredMediaTypes=[*/*]]]]], org.springframework.security.config.annotation.web.configurers.oauth2.client.OAuth2LoginConfigurer$$Lambda$2069/0x0000022181c1de58@56fc2880]
2026-08-17T23:11:35.395+05:30 DEBUG 22144 --- [e-com] [http-nio-8086-exec-4] s.w.a.DelegatingAuthenticationEntryPoint : No match found. Using default entry point org.springframework.security.web.authentication.LoginUrlAuthenticationEntryPoint@2550eb40
2026-08-17T23:11:35.395+05:30 DEBUG 22144 --- [e-com] [http-nio-8086-exec-4] o.s.s.web.DefaultRedirectStrategy        : Redirecting to /login
2026-08-17T23:11:35.403+05:30 DEBUG 22144 --- [e-com] [http-nio-8086-exec-8] o.s.security.web.FilterChainProxy        : Securing GET /login
2026-08-17T23:14:33.855+05:30 DEBUG 22144 --- [e-com] [http-nio-8086-exec-7] o.s.security.web.FilterChainProxy        : Securing GET /login/oauth2/code/google?state=RmMXJ4PfBbtXT_L5YgG2KSfo3eHxEFx6GunkMkpIv9M%3D&iss=https%3A%2F%2Faccounts.google.com&code=4%2F0ATsMZqD9OjwfEE34W7fd2KiIlbnf_yWuLCTVVLpOetJ-4Fftodo4a1vz5nEaoT4qF0gRXQ&scope=email+profile+https%3A%2F%2Fwww.googleapis.com%2Fauth%2Fuserinfo.profile+https%3A%2F%2Fwww.googleapis.com%2Fauth%2Fuserinfo.email+openid&authuser=0&prompt=consent
2026-08-17T23:14:33.860+05:30 DEBUG 22144 --- [e-com] [http-nio-8086-exec-7] o.s.s.web.DefaultRedirectStrategy        : Redirecting to /login?error
2026-08-17T23:14:33.871+05:30 DEBUG 22144 --- [e-com] [http-nio-8086-exec-1] o.s.security.web.FilterChainProxy        : Securing GET /login?error
2026-08-17T23:14:33.907+05:30 DEBUG 22144 --- [e-com] [http-nio-8086-exec-2] o.s.security.web.FilterChainProxy        : Securing GET /default-ui.css
2026-08-17T23:14:33.954+05:30 DEBUG 22144 --- [e-com] [http-nio-8086-exec-3] o.s.security.web.FilterChainProxy        : Securing GET /favicon.ico
2026-08-17T23:14:33.956+05:30 DEBUG 22144 --- [e-com] [http-nio-8086-exec-3] o.s.s.w.a.AnonymousAuthenticationFilter  : Set SecurityContextHolder to anonymous SecurityContext
2026-08-17T23:14:33.956+05:30 DEBUG 22144 --- [e-com] [http-nio-8086-exec-3] s.w.a.DelegatingAuthenticationEntryPoint : Trying to match using And [Not [RequestHeaderRequestMatcher [expectedHeaderName=X-Requested-With, expectedHeaderValue=XMLHttpRequest]], Not [And [Or [PathPattern [/login], PathPattern [/favicon.ico]], And [Not [RequestHeaderRequestMatcher [expectedHeaderName=X-Requested-With, expectedHeaderValue=XMLHttpRequest]], MediaTypeRequestMatcher [contentNegotiationStrategy=org.springframework.web.accept.ContentNegotiationManager@7094f0ae, matchingMediaTypes=[application/xhtml+xml, image/*, text/html, text/plain], useEquals=false, ignoredMediaTypes=[*/*]]]]], org.springframework.security.config.annotation.web.configurers.oauth2.client.OAuth2LoginConfigurer$$Lambda$2069/0x0000022181c1de58@56fc2880]
2026-08-17T23:14:33.956+05:30 DEBUG 22144 --- [e-com] [http-nio-8086-exec-3] s.w.a.DelegatingAuthenticationEntryPoint : No match found. Using default entry point org.springframework.security.web.authentication.LoginUrlAuthenticationEntryPoint@2550eb40
2026-08-17T23:14:33.960+05:30 DEBUG 22144 --- [e-com] [http-nio-8086-exec-3] o.s.s.web.DefaultRedirectStrategy        : Redirecting to /login
2026-08-17T23:14:33.972+05:30 DEBUG 22144 --- [e-com] [http-nio-8086-exec-5] o.s.security.web.FilterChainProxy        : Securing GET /login
2026-08-17T23:16:20.611+05:30  INFO 22144 --- [e-com] [SpringApplicationShutdownHook] o.s.boot.tomcat.GracefulShutdown         : Commencing graceful shutdown. Waiting for active requests to complete
2026-08-17T23:16:20.762+05:30  INFO 22144 --- [e-com] [tomcat-shutdown] o.s.boot.tomcat.GracefulShutdown         : Graceful shutdown complete
2026-08-17T23:16:20.770+05:30  INFO 22144 --- [e-com] [SpringApplicationShutdownHook] j.LocalContainerEntityManagerFactoryBean : Closing JPA EntityManagerFactory for persistence unit 'default'
2026-08-17T23:16:20.784+05:30  INFO 22144 --- [e-com] [SpringApplicationShutdownHook] com.zaxxer.hikari.HikariDataSource       : HikariPool-1 - Shutdown initiated...
2026-08-17T23:16:20.802+05:30  INFO 22144 --- [e-com] [SpringApplicationShutdownHook] com.zaxxer.hikari.HikariDataSource       : HikariPool-1 - Shutdown completed.
2026-08-17T23:16:29.420+05:30  INFO 23456 --- [e-com] [main] com.achiles.e_com.EComApplication        : Starting EComApplication using Java 17.0.16 with PID 23456 (C:\Users\Lenovo\Downloads\e-com\e-com\target\classes started by Lenovo in C:\Users\Lenovo\Downloads\e-com\e-com)
2026-08-17T23:16:29.420+05:30  INFO 23456 --- [e-com] [main] com.achiles.e_com.EComApplication        : No active profile set, falling back to 1 default profile: "default"
2026-08-17T23:16:30.198+05:30  INFO 23456 --- [e-com] [main] .s.d.r.c.RepositoryConfigurationDelegate : Bootstrapping Spring Data JPA repositories in DEFAULT mode.
2026-08-17T23:16:30.315+05:30  INFO 23456 --- [e-com] [main] .s.d.r.c.RepositoryConfigurationDelegate : Finished Spring Data repository scanning in 107 ms. Found 15 JPA repository interfaces.
2026-08-17T23:16:30.800+05:30  INFO 23456 --- [e-com] [main] o.s.boot.tomcat.TomcatWebServer          : Tomcat initialized with port 8086 (http)
2026-08-17T23:16:30.820+05:30  INFO 23456 --- [e-com] [main] o.apache.catalina.core.StandardService   : Starting service [Tomcat]
2026-08-17T23:16:30.820+05:30  INFO 23456 --- [e-com] [main] o.apache.catalina.core.StandardEngine    : Starting Servlet engine: [Apache Tomcat/11.0.22]
2026-08-17T23:16:30.893+05:30  INFO 23456 --- [e-com] [main] b.w.c.s.WebApplicationContextInitializer : Root WebApplicationContext: initialization completed in 1426 ms
2026-08-17T23:16:31.140+05:30  INFO 23456 --- [e-com] [main] com.zaxxer.hikari.HikariDataSource       : HikariPool-1 - Starting...
2026-08-17T23:16:31.305+05:30  INFO 23456 --- [e-com] [main] com.zaxxer.hikari.pool.HikariPool        : HikariPool-1 - Added connection com.mysql.cj.jdbc.ConnectionImpl@1d2d8846
2026-08-17T23:16:31.310+05:30  INFO 23456 --- [e-com] [main] com.zaxxer.hikari.HikariDataSource       : HikariPool-1 - Start completed.
2026-08-17T23:16:31.320+05:30  INFO 23456 --- [e-com] [main] org.flywaydb.core.FlywayExecutor         : Database: jdbc:mysql://localhost:3306/ecom?createDatabaseIfNotExist=true&useSSL=false&allowPublicKeyRetrieval=true&serverTimezone=UTC (MySQL 5.5)
2026-08-17T23:16:31.480+05:30  INFO 23456 --- [e-com] [main] o.f.core.internal.command.DbValidate     : Successfully validated 8 migrations (execution time 00:00.037s)
2026-08-17T23:16:31.500+05:30  INFO 23456 --- [e-com] [main] o.f.core.internal.command.DbMigrate      : Current version of schema `ecom`: 8
2026-08-17T23:16:31.505+05:30  INFO 23456 --- [e-com] [main] o.f.core.internal.command.DbMigrate      : Schema `ecom` is up to date. No migration necessary.
2026-08-17T23:16:31.590+05:30  INFO 23456 --- [e-com] [main] org.hibernate.orm.jpa                    : HHH008540: Processing PersistenceUnitInfo [name: default]
2026-08-17T23:16:31.686+05:30  INFO 23456 --- [e-com] [main] org.hibernate.orm.core                   : HHH000001: Hibernate ORM core version 7.4.1.Final
2026-08-17T23:16:32.110+05:30  INFO 23456 --- [e-com] [main] o.s.o.j.p.SpringPersistenceUnitInfo      : No LoadTimeWeaver setup: ignoring JPA class transformer
2026-08-17T23:16:32.305+05:30  WARN 23456 --- [e-com] [main] org.hibernate.orm.core                   : HHH000511: The 5.5.5 version for [org.hibernate.dialect.MySQLDialect] is no longer supported, hence certain features may not work properly.The minimum supported version is 8.0.0. Check the community dialects project for available legacy versions.
2026-08-17T23:16:32.350+05:30  INFO 23456 --- [e-com] [main] org.hibernate.orm.connections.pooling    : HHH10001005: Database info:
	Database JDBC URL [jdbc:mysql://localhost:3306/ecom?createDatabaseIfNotExist=true&useSSL=false&allowPublicKeyRetrieval=true&serverTimezone=UTC]
	Database driver: MySQL Connector/J
	Database dialect: MySQLDialect
	Database version: 5.5.5
	Default catalog/schema: ecom/undefined
	Autocommit mode: undefined/unknown
	Isolation level: REPEATABLE_READ [default REPEATABLE_READ]
	JDBC fetch size: none
	Pool: DataSourceConnectionProvider
	Minimum pool size: undefined/unknown
	Maximum pool size: undefined/unknown
2026-08-17T23:16:35.482+05:30  INFO 23456 --- [e-com] [main] org.hibernate.orm.core                   : HHH000489: No JTA platform available (set 'hibernate.transaction.jta.platform' to enable JTA platform integration)
2026-08-17T23:16:35.516+05:30  INFO 23456 --- [e-com] [main] j.LocalContainerEntityManagerFactoryBean : Initialized JPA EntityManagerFactory for persistence unit 'default'
2026-08-17T23:16:35.732+05:30  INFO 23456 --- [e-com] [main] o.s.d.j.r.query.QueryEnhancerFactories   : Hibernate is in classpath; If applicable, HQL parser will be used.
2026-08-17T23:16:38.170+05:30  WARN 23456 --- [e-com] [main] JpaBaseConfiguration$JpaWebConfiguration : spring.jpa.open-in-view is enabled by default. Therefore, database queries may be performed during view rendering. Explicitly configure spring.jpa.open-in-view to disable this warning
2026-08-17T23:16:38.422+05:30 DEBUG 23456 --- [e-com] [main] swordEncoderAuthenticationManagerBuilder : No authenticationProviders and no parentAuthenticationManager defined. Returning null.
2026-08-17T23:16:38.965+05:30 DEBUG 23456 --- [e-com] [main] o.s.s.web.DefaultSecurityFilterChain     : Will secure any request with filters: DisableEncodeUrlFilter, WebAsyncManagerIntegrationFilter, SecurityContextHolderFilter, HeaderWriterFilter, CorsFilter, LogoutFilter, OAuth2AuthorizationRequestRedirectFilter, OAuth2LoginAuthenticationFilter, DefaultResourcesFilter, DefaultLoginPageGeneratingFilter, DefaultLogoutPageGeneratingFilter, RequestCacheAwareFilter, SecurityContextHolderAwareRequestFilter, AnonymousAuthenticationFilter, ExceptionTranslationFilter, AuthorizationFilter
2026-08-17T23:16:39.983+05:30  INFO 23456 --- [e-com] [main] o.s.boot.tomcat.TomcatWebServer          : Tomcat started on port 8086 (http) with context path '/'
2026-08-17T23:16:39.992+05:30  INFO 23456 --- [e-com] [main] com.achiles.e_com.EComApplication        : Started EComApplication in 11.016 seconds (process running for 11.643)
2026-08-17T23:16:40.390+05:30  INFO 23456 --- [e-com] [http-nio-8086-exec-2] o.a.c.c.C.[Tomcat].[localhost].[/]       : Initializing Spring DispatcherServlet 'dispatcherServlet'
2026-08-17T23:16:40.390+05:30  INFO 23456 --- [e-com] [http-nio-8086-exec-2] o.s.web.servlet.DispatcherServlet        : Initializing Servlet 'dispatcherServlet'
2026-08-17T23:16:40.394+05:30  INFO 23456 --- [e-com] [http-nio-8086-exec-2] o.s.web.servlet.DispatcherServlet        : Completed initialization in 0 ms
2026-08-17T23:16:40.419+05:30 DEBUG 23456 --- [e-com] [http-nio-8086-exec-1] o.s.security.web.FilterChainProxy        : Securing GET /oauth2/authorization/google
2026-08-17T23:16:40.419+05:30 DEBUG 23456 --- [e-com] [http-nio-8086-exec-2] o.s.security.web.FilterChainProxy        : Securing GET /oauth2/authorization/google
2026-08-17T23:16:40.940+05:30  WARN 23456 --- [e-com] [http-nio-8086-exec-1] o.a.c.util.SessionIdGeneratorBase        : Creation of SecureRandom instance for session ID generation using [SHA1PRNG] took [455] milliseconds.
2026-08-17T23:16:40.940+05:30  WARN 23456 --- [e-com] [http-nio-8086-exec-2] o.a.c.util.SessionIdGeneratorBase        : Creation of SecureRandom instance for session ID generation using [SHA1PRNG] took [455] milliseconds.
2026-08-17T23:16:40.940+05:30 DEBUG 23456 --- [e-com] [http-nio-8086-exec-1] o.s.s.web.DefaultRedirectStrategy        : Redirecting to https://accounts.google.com/o/oauth2/v2/auth?response_type=code&client_id=505869046781-0jiq789b3odaamdsohvfgcf7uh141ust.apps.googleusercontent.com&scope=profile%20email&state=3RmKgdH4T70Q6lhMvUV_AJPy5-GjQa_e6CS91v6_XnU%3D&redirect_uri=http://localhost:8086/login/oauth2/code/google&code_challenge=u3ou3YMZKkGFKUJGy7Lh2hN1KSPKUO2c7R8prAqydw8&code_challenge_method=S256
2026-08-17T23:16:40.940+05:30 DEBUG 23456 --- [e-com] [http-nio-8086-exec-2] o.s.s.web.DefaultRedirectStrategy        : Redirecting to https://accounts.google.com/o/oauth2/v2/auth?response_type=code&client_id=505869046781-0jiq789b3odaamdsohvfgcf7uh141ust.apps.googleusercontent.com&scope=profile%20email&state=dNU83uRPQ5n77liQ4XtdqqX8KeB6ZoSwejxkth_y744%3D&redirect_uri=http://localhost:8086/login/oauth2/code/google&code_challenge=hgfS3M7ENyhgPVm-QY7vaAFmG71cihQLBhUbmRyV1Ns&code_challenge_method=S256
2026-08-17T23:17:03.540+05:30 DEBUG 23456 --- [e-com] [http-nio-8086-exec-3] o.s.security.web.FilterChainProxy        : Securing GET /login/oauth2/code/google?state=dNU83uRPQ5n77liQ4XtdqqX8KeB6ZoSwejxkth_y744%3D&iss=https%3A%2F%2Faccounts.google.com&code=4%2F0ATsMZqCYGcpaz5AS-H5Iagovwi3P34QINkoVakK6MJ-K0cj3E5ApFsJFYOAoaNqshZuKMA&scope=email+profile+https%3A%2F%2Fwww.googleapis.com%2Fauth%2Fuserinfo.profile+https%3A%2F%2Fwww.googleapis.com%2Fauth%2Fuserinfo.email+openid&authuser=1&prompt=consent
2026-08-17T23:17:45.891+05:30 DEBUG 23456 --- [e-com] [http-nio-8086-exec-3] o.s.s.authentication.ProviderManager     : Authentication failed with provider OAuth2LoginAuthenticationProvider since [invalid_token_response] An error occurred while attempting to retrieve the OAuth 2.0 Access Token Response: I/O error on POST request for "https://www.googleapis.com/oauth2/v4/token": null
2026-08-17T23:17:45.893+05:30 DEBUG 23456 --- [e-com] [http-nio-8086-exec-3] .s.a.DefaultAuthenticationEventPublisher : No event was found for the exception org.springframework.security.oauth2.core.OAuth2AuthenticationException
2026-08-17T23:17:45.893+05:30 DEBUG 23456 --- [e-com] [http-nio-8086-exec-3] o.s.s.web.DefaultRedirectStrategy        : Redirecting to /login?error
2026-08-17T23:17:45.901+05:30 DEBUG 23456 --- [e-com] [http-nio-8086-exec-5] o.s.security.web.FilterChainProxy        : Securing GET /login?error
2026-08-17T23:17:46.033+05:30 DEBUG 23456 --- [e-com] [http-nio-8086-exec-6] o.s.security.web.FilterChainProxy        : Securing GET /default-ui.css
2026-08-17T23:17:46.091+05:30 DEBUG 23456 --- [e-com] [http-nio-8086-exec-7] o.s.security.web.FilterChainProxy        : Securing GET /favicon.ico
2026-08-17T23:17:46.100+05:30 DEBUG 23456 --- [e-com] [http-nio-8086-exec-7] o.s.s.w.a.AnonymousAuthenticationFilter  : Set SecurityContextHolder to anonymous SecurityContext
2026-08-17T23:17:46.116+05:30 DEBUG 23456 --- [e-com] [http-nio-8086-exec-7] s.w.a.DelegatingAuthenticationEntryPoint : Trying to match using And [Not [RequestHeaderRequestMatcher [expectedHeaderName=X-Requested-With, expectedHeaderValue=XMLHttpRequest]], Not [And [Or [PathPattern [/login], PathPattern [/favicon.ico]], And [Not [RequestHeaderRequestMatcher [expectedHeaderName=X-Requested-With, expectedHeaderValue=XMLHttpRequest]], MediaTypeRequestMatcher [contentNegotiationStrategy=org.springframework.web.accept.ContentNegotiationManager@250284ae, matchingMediaTypes=[application/xhtml+xml, image/*, text/html, text/plain], useEquals=false, ignoredMediaTypes=[*/*]]]]], org.springframework.security.config.annotation.web.configurers.oauth2.client.OAuth2LoginConfigurer$$Lambda$2069/0x000002408fc1de58@27b8d33]
2026-08-17T23:17:46.124+05:30 DEBUG 23456 --- [e-com] [http-nio-8086-exec-7] s.w.a.DelegatingAuthenticationEntryPoint : No match found. Using default entry point org.springframework.security.web.authentication.LoginUrlAuthenticationEntryPoint@53ce9128
2026-08-17T23:17:46.124+05:30 DEBUG 23456 --- [e-com] [http-nio-8086-exec-7] o.s.s.web.DefaultRedirectStrategy        : Redirecting to /login
2026-08-17T23:17:46.132+05:30 DEBUG 23456 --- [e-com] [http-nio-8086-exec-8] o.s.security.web.FilterChainProxy        : Securing GET /login
2026-08-17T23:25:11.191+05:30 DEBUG 23456 --- [e-com] [http-nio-8086-exec-10] o.s.security.web.FilterChainProxy        : Securing GET /oauth2/authorization/google
2026-08-17T23:25:11.253+05:30 DEBUG 23456 --- [e-com] [http-nio-8086-exec-10] o.s.s.web.DefaultRedirectStrategy        : Redirecting to https://accounts.google.com/o/oauth2/v2/auth?response_type=code&client_id=505869046781-0jiq789b3odaamdsohvfgcf7uh141ust.apps.googleusercontent.com&scope=profile%20email&state=ljQOzeN5fp94pyonAjvmkAyyQvymvjPU2YgddoUbrEc%3D&redirect_uri=http://localhost:8086/login/oauth2/code/google&code_challenge=mNOXtyEioXxEphVLWV90MvQhLEOMTso-UgYAfzYwtJw&code_challenge_method=S256
2026-08-17T23:25:36.784+05:30 DEBUG 23456 --- [e-com] [http-nio-8086-exec-2] o.s.security.web.FilterChainProxy        : Securing GET /login/oauth2/code/google?state=ljQOzeN5fp94pyonAjvmkAyyQvymvjPU2YgddoUbrEc%3D&iss=https%3A%2F%2Faccounts.google.com&code=4%2F0ATsMZqD-a897dW2X29zow85RyJAik1lRPiOdlKvI1e-1HU9aEr_vU9flqEIUYKOQvRprtw&scope=email+profile+https%3A%2F%2Fwww.googleapis.com%2Fauth%2Fuserinfo.profile+https%3A%2F%2Fwww.googleapis.com%2Fauth%2Fuserinfo.email+openid&authuser=1&prompt=consent
2026-08-17T23:26:19.034+05:30 DEBUG 23456 --- [e-com] [http-nio-8086-exec-2] o.s.s.authentication.ProviderManager     : Authentication failed with provider OAuth2LoginAuthenticationProvider since [invalid_token_response] An error occurred while attempting to retrieve the OAuth 2.0 Access Token Response: I/O error on POST request for "https://www.googleapis.com/oauth2/v4/token": null
2026-08-17T23:26:19.034+05:30 DEBUG 23456 --- [e-com] [http-nio-8086-exec-2] .s.a.DefaultAuthenticationEventPublisher : No event was found for the exception org.springframework.security.oauth2.core.OAuth2AuthenticationException
2026-08-17T23:26:19.034+05:30 DEBUG 23456 --- [e-com] [http-nio-8086-exec-2] o.s.s.web.DefaultRedirectStrategy        : Redirecting to /login?error
2026-08-17T23:26:19.051+05:30 DEBUG 23456 --- [e-com] [http-nio-8086-exec-3] o.s.security.web.FilterChainProxy        : Securing GET /login?error
2026-08-17T23:26:19.141+05:30 DEBUG 23456 --- [e-com] [http-nio-8086-exec-5] o.s.security.web.FilterChainProxy        : Securing GET /default-ui.css
2026-08-17T23:26:19.210+05:30 DEBUG 23456 --- [e-com] [http-nio-8086-exec-6] o.s.security.web.FilterChainProxy        : Securing GET /favicon.ico
2026-08-17T23:26:19.210+05:30 DEBUG 23456 --- [e-com] [http-nio-8086-exec-6] o.s.s.w.a.AnonymousAuthenticationFilter  : Set SecurityContextHolder to anonymous SecurityContext
2026-08-17T23:26:19.221+05:30 DEBUG 23456 --- [e-com] [http-nio-8086-exec-6] s.w.a.DelegatingAuthenticationEntryPoint : Trying to match using And [Not [RequestHeaderRequestMatcher [expectedHeaderName=X-Requested-With, expectedHeaderValue=XMLHttpRequest]], Not [And [Or [PathPattern [/login], PathPattern [/favicon.ico]], And [Not [RequestHeaderRequestMatcher [expectedHeaderName=X-Requested-With, expectedHeaderValue=XMLHttpRequest]], MediaTypeRequestMatcher [contentNegotiationStrategy=org.springframework.web.accept.ContentNegotiationManager@250284ae, matchingMediaTypes=[application/xhtml+xml, image/*, text/html, text/plain], useEquals=false, ignoredMediaTypes=[*/*]]]]], org.springframework.security.config.annotation.web.configurers.oauth2.client.OAuth2LoginConfigurer$$Lambda$2069/0x000002408fc1de58@27b8d33]
2026-08-17T23:26:19.221+05:30 DEBUG 23456 --- [e-com] [http-nio-8086-exec-6] s.w.a.DelegatingAuthenticationEntryPoint : No match found. Using default entry point org.springframework.security.web.authentication.LoginUrlAuthenticationEntryPoint@53ce9128
2026-08-17T23:26:19.223+05:30 DEBUG 23456 --- [e-com] [http-nio-8086-exec-6] o.s.s.web.DefaultRedirectStrategy        : Redirecting to /login
2026-08-17T23:26:19.229+05:30 DEBUG 23456 --- [e-com] [http-nio-8086-exec-7] o.s.security.web.FilterChainProxy        : Securing GET /login
2026-08-17T23:26:38.445+05:30 DEBUG 23456 --- [e-com] [http-nio-8086-exec-8] o.s.security.web.FilterChainProxy        : Securing GET /login?error
2026-08-17T23:26:38.483+05:30 DEBUG 23456 --- [e-com] [http-nio-8086-exec-9] o.s.security.web.FilterChainProxy        : Securing GET /default-ui.css
2026-08-17T23:26:38.503+05:30 DEBUG 23456 --- [e-com] [http-nio-8086-exec-10] o.s.security.web.FilterChainProxy        : Securing GET /favicon.ico
2026-08-17T23:26:38.511+05:30 DEBUG 23456 --- [e-com] [http-nio-8086-exec-10] o.s.s.w.a.AnonymousAuthenticationFilter  : Set SecurityContextHolder to anonymous SecurityContext
2026-08-17T23:26:38.513+05:30 DEBUG 23456 --- [e-com] [http-nio-8086-exec-10] s.w.a.DelegatingAuthenticationEntryPoint : Trying to match using And [Not [RequestHeaderRequestMatcher [expectedHeaderName=X-Requested-With, expectedHeaderValue=XMLHttpRequest]], Not [And [Or [PathPattern [/login], PathPattern [/favicon.ico]], And [Not [RequestHeaderRequestMatcher [expectedHeaderName=X-Requested-With, expectedHeaderValue=XMLHttpRequest]], MediaTypeRequestMatcher [contentNegotiationStrategy=org.springframework.web.accept.ContentNegotiationManager@250284ae, matchingMediaTypes=[application/xhtml+xml, image/*, text/html, text/plain], useEquals=false, ignoredMediaTypes=[*/*]]]]], org.springframework.security.config.annotation.web.configurers.oauth2.client.OAuth2LoginConfigurer$$Lambda$2069/0x000002408fc1de58@27b8d33]
2026-08-17T23:26:38.513+05:30 DEBUG 23456 --- [e-com] [http-nio-8086-exec-10] s.w.a.DelegatingAuthenticationEntryPoint : No match found. Using default entry point org.springframework.security.web.authentication.LoginUrlAuthenticationEntryPoint@53ce9128
2026-08-17T23:26:38.513+05:30 DEBUG 23456 --- [e-com] [http-nio-8086-exec-10] o.s.s.web.DefaultRedirectStrategy        : Redirecting to /login
2026-08-17T23:26:38.523+05:30 DEBUG 23456 --- [e-com] [http-nio-8086-exec-1] o.s.security.web.FilterChainProxy        : Securing GET /login
2026-08-17T23:26:40.565+05:30 DEBUG 23456 --- [e-com] [http-nio-8086-exec-4] o.s.security.web.FilterChainProxy        : Securing GET /oauth2/authorization/google
2026-08-17T23:26:40.633+05:30 DEBUG 23456 --- [e-com] [http-nio-8086-exec-4] o.s.s.web.DefaultRedirectStrategy        : Redirecting to https://accounts.google.com/o/oauth2/v2/auth?response_type=code&client_id=505869046781-0jiq789b3odaamdsohvfgcf7uh141ust.apps.googleusercontent.com&scope=profile%20email&state=tM57xFeMsB7iPSV-_PssCB9xq24QFwIsZWppNl2AjOs%3D&redirect_uri=http://localhost:8086/login/oauth2/code/google&code_challenge=Lww7rFj8nDjZ6kXh2NPW5T-eXL2bzNCepMstgSmUKN8&code_challenge_method=S256
2026-08-17T23:26:54.700+05:30 DEBUG 23456 --- [e-com] [http-nio-8086-exec-2] o.s.security.web.FilterChainProxy        : Securing GET /oauth2/authorization/google
2026-08-17T23:26:54.702+05:30 DEBUG 23456 --- [e-com] [http-nio-8086-exec-2] o.s.s.web.DefaultRedirectStrategy        : Redirecting to https://accounts.google.com/o/oauth2/v2/auth?response_type=code&client_id=505869046781-0jiq789b3odaamdsohvfgcf7uh141ust.apps.googleusercontent.com&scope=profile%20email&state=XrEvrpZ9nkn7hzmmfANURdzYuoeoaA2u2cGc-cJAWJ4%3D&redirect_uri=http://localhost:8086/login/oauth2/code/google&code_challenge=lDWJwgcO0P_YHKU5PlABJntt9bh_UXgADkq0L7uD3aY&code_challenge_method=S256
2026-08-17T23:26:55.584+05:30 DEBUG 23456 --- [e-com] [http-nio-8086-exec-3] o.s.security.web.FilterChainProxy        : Securing GET /oauth2/authorization/google
2026-08-17T23:26:55.584+05:30 DEBUG 23456 --- [e-com] [http-nio-8086-exec-3] o.s.s.web.DefaultRedirectStrategy        : Redirecting to https://accounts.google.com/o/oauth2/v2/auth?response_type=code&client_id=505869046781-0jiq789b3odaamdsohvfgcf7uh141ust.apps.googleusercontent.com&scope=profile%20email&state=pyssRtkteDA6Jb6pgTgEKxKDqJbLCyFDlqFKracdE8g%3D&redirect_uri=http://localhost:8086/login/oauth2/code/google&code_challenge=zzqADxw-Yjxk-PlyU1zIp8WfzJiSIpF9lF0KGmW8SKw&code_challenge_method=S256
2026-08-17T23:26:56.036+05:30 DEBUG 23456 --- [e-com] [http-nio-8086-exec-5] o.s.security.web.FilterChainProxy        : Securing GET /oauth2/authorization/google
2026-08-17T23:26:56.043+05:30 DEBUG 23456 --- [e-com] [http-nio-8086-exec-5] o.s.s.web.DefaultRedirectStrategy        : Redirecting to https://accounts.google.com/o/oauth2/v2/auth?response_type=code&client_id=505869046781-0jiq789b3odaamdsohvfgcf7uh141ust.apps.googleusercontent.com&scope=profile%20email&state=ks9HzyjweLscJLMeD9RS7vt6ZNZV7ovQSXSSsnk8snc%3D&redirect_uri=http://localhost:8086/login/oauth2/code/google&code_challenge=rUysbcCkUM-jq6mbimu0JRljiw6TpF4VwyV4y1t21qs&code_challenge_method=S256
2026-08-17T23:26:56.213+05:30 DEBUG 23456 --- [e-com] [http-nio-8086-exec-6] o.s.security.web.FilterChainProxy        : Securing GET /oauth2/authorization/google
2026-08-17T23:26:56.225+05:30 DEBUG 23456 --- [e-com] [http-nio-8086-exec-6] o.s.s.web.DefaultRedirectStrategy        : Redirecting to https://accounts.google.com/o/oauth2/v2/auth?response_type=code&client_id=505869046781-0jiq789b3odaamdsohvfgcf7uh141ust.apps.googleusercontent.com&scope=profile%20email&state=ebXYW7U2lrOAx1--dsc9VSz35hx_4W7HuPq7L0F1HrE%3D&redirect_uri=http://localhost:8086/login/oauth2/code/google&code_challenge=E7v6wKzhjeTtQ61Dej7JuAPizJGBaKE1x89njqmBm0Q&code_challenge_method=S256
2026-08-17T23:26:56.373+05:30 DEBUG 23456 --- [e-com] [http-nio-8086-exec-7] o.s.security.web.FilterChainProxy        : Securing GET /oauth2/authorization/google
2026-08-17T23:26:56.376+05:30 DEBUG 23456 --- [e-com] [http-nio-8086-exec-7] o.s.s.web.DefaultRedirectStrategy        : Redirecting to https://accounts.google.com/o/oauth2/v2/auth?response_type=code&client_id=505869046781-0jiq789b3odaamdsohvfgcf7uh141ust.apps.googleusercontent.com&scope=profile%20email&state=12OalIxTIn9eU2W1UQK8z3qWLtQHZAO07RI-RpgZ-00%3D&redirect_uri=http://localhost:8086/login/oauth2/code/google&code_challenge=aT7xamuxXRQWHOQeaKYv9dKlEdh18cUtr6IFBE3LFO0&code_challenge_method=S256
2026-08-17T23:26:56.585+05:30 DEBUG 23456 --- [e-com] [http-nio-8086-exec-8] o.s.security.web.FilterChainProxy        : Securing GET /oauth2/authorization/google
2026-08-17T23:26:56.595+05:30 DEBUG 23456 --- [e-com] [http-nio-8086-exec-8] o.s.s.web.DefaultRedirectStrategy        : Redirecting to https://accounts.google.com/o/oauth2/v2/auth?response_type=code&client_id=505869046781-0jiq789b3odaamdsohvfgcf7uh141ust.apps.googleusercontent.com&scope=profile%20email&state=xISUgrbry8YruKI3S3z53Fmebw6fOIqw9HPKaHfsctY%3D&redirect_uri=http://localhost:8086/login/oauth2/code/google&code_challenge=lRxjN2-TH5MQNWD0QMfi5rafn3BTYAhPrA3SA9XN1oE&code_challenge_method=S256
2026-08-17T23:28:57.003+05:30 DEBUG 23456 --- [e-com] [http-nio-8086-exec-1] o.s.security.web.FilterChainProxy        : Securing GET /login/oauth2/code/google?state=xISUgrbry8YruKI3S3z53Fmebw6fOIqw9HPKaHfsctY%3D&iss=https%3A%2F%2Faccounts.google.com&code=4%2F0ATsMZqBis-5NXGEuZUp9z2QdedR0eQBnkPcQ8zl1xwPEnN295gQGTlxLAAYUD5sfqF4YsQ&scope=email+profile+https%3A%2F%2Fwww.googleapis.com%2Fauth%2Fuserinfo.profile+https%3A%2F%2Fwww.googleapis.com%2Fauth%2Fuserinfo.email+openid&authuser=1&prompt=consent
2026-08-17T23:29:39.103+05:30 DEBUG 23456 --- [e-com] [http-nio-8086-exec-1] o.s.s.authentication.ProviderManager     : Authentication failed with provider OAuth2LoginAuthenticationProvider since [invalid_token_response] An error occurred while attempting to retrieve the OAuth 2.0 Access Token Response: I/O error on POST request for "https://www.googleapis.com/oauth2/v4/token": null
2026-08-17T23:29:39.103+05:30 DEBUG 23456 --- [e-com] [http-nio-8086-exec-1] .s.a.DefaultAuthenticationEventPublisher : No event was found for the exception org.springframework.security.oauth2.core.OAuth2AuthenticationException
2026-08-17T23:29:39.108+05:30 DEBUG 23456 --- [e-com] [http-nio-8086-exec-1] o.s.s.web.DefaultRedirectStrategy        : Redirecting to /login?error
2026-08-17T23:29:39.117+05:30 DEBUG 23456 --- [e-com] [http-nio-8086-exec-4] o.s.security.web.FilterChainProxy        : Securing GET /login?error
2026-08-17T23:29:39.225+05:30 DEBUG 23456 --- [e-com] [http-nio-8086-exec-2] o.s.security.web.FilterChainProxy        : Securing GET /default-ui.css
2026-08-17T23:29:39.263+05:30 DEBUG 23456 --- [e-com] [http-nio-8086-exec-3] o.s.security.web.FilterChainProxy        : Securing GET /favicon.ico
2026-08-17T23:29:39.265+05:30 DEBUG 23456 --- [e-com] [http-nio-8086-exec-3] o.s.s.w.a.AnonymousAuthenticationFilter  : Set SecurityContextHolder to anonymous SecurityContext
2026-08-17T23:29:39.265+05:30 DEBUG 23456 --- [e-com] [http-nio-8086-exec-3] s.w.a.DelegatingAuthenticationEntryPoint : Trying to match using And [Not [RequestHeaderRequestMatcher [expectedHeaderName=X-Requested-With, expectedHeaderValue=XMLHttpRequest]], Not [And [Or [PathPattern [/login], PathPattern [/favicon.ico]], And [Not [RequestHeaderRequestMatcher [expectedHeaderName=X-Requested-With, expectedHeaderValue=XMLHttpRequest]], MediaTypeRequestMatcher [contentNegotiationStrategy=org.springframework.web.accept.ContentNegotiationManager@250284ae, matchingMediaTypes=[application/xhtml+xml, image/*, text/html, text/plain], useEquals=false, ignoredMediaTypes=[*/*]]]]], org.springframework.security.config.annotation.web.configurers.oauth2.client.OAuth2LoginConfigurer$$Lambda$2069/0x000002408fc1de58@27b8d33]
2026-08-17T23:29:39.273+05:30 DEBUG 23456 --- [e-com] [http-nio-8086-exec-3] s.w.a.DelegatingAuthenticationEntryPoint : No match found. Using default entry point org.springframework.security.web.authentication.LoginUrlAuthenticationEntryPoint@53ce9128
2026-08-17T23:29:39.273+05:30 DEBUG 23456 --- [e-com] [http-nio-8086-exec-3] o.s.s.web.DefaultRedirectStrategy        : Redirecting to /login
2026-08-17T23:29:39.273+05:30 DEBUG 23456 --- [e-com] [http-nio-8086-exec-5] o.s.security.web.FilterChainProxy        : Securing GET /login
2026-08-17T23:32:46.833+05:30  INFO 23456 --- [e-com] [SpringApplicationShutdownHook] o.s.boot.tomcat.GracefulShutdown         : Commencing graceful shutdown. Waiting for active requests to complete
2026-08-17T23:32:46.996+05:30  INFO 23456 --- [e-com] [tomcat-shutdown] o.s.boot.tomcat.GracefulShutdown         : Graceful shutdown complete
2026-08-17T23:32:47.033+05:30  INFO 23456 --- [e-com] [SpringApplicationShutdownHook] j.LocalContainerEntityManagerFactoryBean : Closing JPA EntityManagerFactory for persistence unit 'default'
2026-08-17T23:32:47.106+05:30  INFO 23456 --- [e-com] [SpringApplicationShutdownHook] com.zaxxer.hikari.HikariDataSource       : HikariPool-1 - Shutdown initiated...
2026-08-17T23:32:47.273+05:30  INFO 23456 --- [e-com] [SpringApplicationShutdownHook] com.zaxxer.hikari.HikariDataSource       : HikariPool-1 - Shutdown completed.
2026-08-17T23:32:59.739+05:30  INFO 2620 --- [e-com] [main] com.achiles.e_com.EComApplication        : Starting EComApplication using Java 17.0.16 with PID 2620 (C:\Users\Lenovo\Downloads\e-com\e-com\target\classes started by Lenovo in C:\Users\Lenovo\Downloads\e-com\e-com)
2026-08-17T23:32:59.739+05:30  INFO 2620 --- [e-com] [main] com.achiles.e_com.EComApplication        : No active profile set, falling back to 1 default profile: "default"
2026-08-17T23:33:00.444+05:30  INFO 2620 --- [e-com] [main] .s.d.r.c.RepositoryConfigurationDelegate : Bootstrapping Spring Data JPA repositories in DEFAULT mode.
2026-08-17T23:33:00.543+05:30  INFO 2620 --- [e-com] [main] .s.d.r.c.RepositoryConfigurationDelegate : Finished Spring Data repository scanning in 87 ms. Found 15 JPA repository interfaces.
2026-08-17T23:33:01.024+05:30  INFO 2620 --- [e-com] [main] o.s.boot.tomcat.TomcatWebServer          : Tomcat initialized with port 8086 (http)
2026-08-17T23:33:01.048+05:30  INFO 2620 --- [e-com] [main] o.apache.catalina.core.StandardService   : Starting service [Tomcat]
2026-08-17T23:33:01.048+05:30  INFO 2620 --- [e-com] [main] o.apache.catalina.core.StandardEngine    : Starting Servlet engine: [Apache Tomcat/11.0.22]
2026-08-17T23:33:01.117+05:30  INFO 2620 --- [e-com] [main] b.w.c.s.WebApplicationContextInitializer : Root WebApplicationContext: initialization completed in 1321 ms
2026-08-17T23:33:01.375+05:30  INFO 2620 --- [e-com] [main] com.zaxxer.hikari.HikariDataSource       : HikariPool-1 - Starting...
2026-08-17T23:33:01.533+05:30  INFO 2620 --- [e-com] [main] com.zaxxer.hikari.pool.HikariPool        : HikariPool-1 - Added connection com.mysql.cj.jdbc.ConnectionImpl@34cd65ac
2026-08-17T23:33:01.535+05:30  INFO 2620 --- [e-com] [main] com.zaxxer.hikari.HikariDataSource       : HikariPool-1 - Start completed.
2026-08-17T23:33:01.543+05:30  INFO 2620 --- [e-com] [main] org.flywaydb.core.FlywayExecutor         : Database: jdbc:mysql://localhost:3306/ecom?createDatabaseIfNotExist=true&useSSL=false&allowPublicKeyRetrieval=true&serverTimezone=UTC (MySQL 5.5)
2026-08-17T23:33:01.700+05:30  INFO 2620 --- [e-com] [main] o.f.core.internal.command.DbValidate     : Successfully validated 8 migrations (execution time 00:00.040s)
2026-08-17T23:33:01.755+05:30  INFO 2620 --- [e-com] [main] o.f.core.internal.command.DbMigrate      : Current version of schema `ecom`: 8
2026-08-17T23:33:01.764+05:30  INFO 2620 --- [e-com] [main] o.f.core.internal.command.DbMigrate      : Schema `ecom` is up to date. No migration necessary.
2026-08-17T23:33:01.863+05:30  INFO 2620 --- [e-com] [main] org.hibernate.orm.jpa                    : HHH008540: Processing PersistenceUnitInfo [name: default]
2026-08-17T23:33:01.935+05:30  INFO 2620 --- [e-com] [main] org.hibernate.orm.core                   : HHH000001: Hibernate ORM core version 7.4.1.Final
2026-08-17T23:33:02.383+05:30  INFO 2620 --- [e-com] [main] o.s.o.j.p.SpringPersistenceUnitInfo      : No LoadTimeWeaver setup: ignoring JPA class transformer
2026-08-17T23:33:02.464+05:30  WARN 2620 --- [e-com] [main] org.hibernate.orm.core                   : HHH000511: The 5.5.5 version for [org.hibernate.dialect.MySQLDialect] is no longer supported, hence certain features may not work properly.The minimum supported version is 8.0.0. Check the community dialects project for available legacy versions.
2026-08-17T23:33:02.485+05:30  INFO 2620 --- [e-com] [main] org.hibernate.orm.connections.pooling    : HHH10001005: Database info:
	Database JDBC URL [jdbc:mysql://localhost:3306/ecom?createDatabaseIfNotExist=true&useSSL=false&allowPublicKeyRetrieval=true&serverTimezone=UTC]
	Database driver: MySQL Connector/J
	Database dialect: MySQLDialect
	Database version: 5.5.5
	Default catalog/schema: ecom/undefined
	Autocommit mode: undefined/unknown
	Isolation level: REPEATABLE_READ [default REPEATABLE_READ]
	JDBC fetch size: none
	Pool: DataSourceConnectionProvider
	Minimum pool size: undefined/unknown
	Maximum pool size: undefined/unknown
2026-08-17T23:33:03.603+05:30  INFO 2620 --- [e-com] [main] org.hibernate.orm.core                   : HHH000489: No JTA platform available (set 'hibernate.transaction.jta.platform' to enable JTA platform integration)
2026-08-17T23:33:03.603+05:30  INFO 2620 --- [e-com] [main] j.LocalContainerEntityManagerFactoryBean : Initialized JPA EntityManagerFactory for persistence unit 'default'
2026-08-17T23:33:03.685+05:30  INFO 2620 --- [e-com] [main] o.s.d.j.r.query.QueryEnhancerFactories   : Hibernate is in classpath; If applicable, HQL parser will be used.
2026-08-17T23:33:04.743+05:30  WARN 2620 --- [e-com] [main] JpaBaseConfiguration$JpaWebConfiguration : spring.jpa.open-in-view is enabled by default. Therefore, database queries may be performed during view rendering. Explicitly configure spring.jpa.open-in-view to disable this warning
2026-08-17T23:33:04.823+05:30 DEBUG 2620 --- [e-com] [main] swordEncoderAuthenticationManagerBuilder : No authenticationProviders and no parentAuthenticationManager defined. Returning null.
2026-08-17T23:33:05.025+05:30 DEBUG 2620 --- [e-com] [main] o.s.s.web.DefaultSecurityFilterChain     : Will secure any request with filters: DisableEncodeUrlFilter, WebAsyncManagerIntegrationFilter, SecurityContextHolderFilter, HeaderWriterFilter, CorsFilter, LogoutFilter, OAuth2AuthorizationRequestRedirectFilter, OAuth2LoginAuthenticationFilter, DefaultResourcesFilter, DefaultLoginPageGeneratingFilter, DefaultLogoutPageGeneratingFilter, RequestCacheAwareFilter, SecurityContextHolderAwareRequestFilter, AnonymousAuthenticationFilter, ExceptionTranslationFilter, AuthorizationFilter
2026-08-17T23:33:05.365+05:30  INFO 2620 --- [e-com] [main] o.s.boot.tomcat.TomcatWebServer          : Tomcat started on port 8086 (http) with context path '/'
2026-08-17T23:33:05.373+05:30  INFO 2620 --- [e-com] [main] com.achiles.e_com.EComApplication        : Started EComApplication in 6.1 seconds (process running for 6.735)
2026-08-17T23:33:16.763+05:30  INFO 2620 --- [e-com] [http-nio-8086-exec-1] o.a.c.c.C.[Tomcat].[localhost].[/]       : Initializing Spring DispatcherServlet 'dispatcherServlet'
2026-08-17T23:33:16.765+05:30  INFO 2620 --- [e-com] [http-nio-8086-exec-1] o.s.web.servlet.DispatcherServlet        : Initializing Servlet 'dispatcherServlet'
2026-08-17T23:33:16.765+05:30  INFO 2620 --- [e-com] [http-nio-8086-exec-1] o.s.web.servlet.DispatcherServlet        : Completed initialization in 0 ms
2026-08-17T23:33:16.798+05:30 DEBUG 2620 --- [e-com] [http-nio-8086-exec-1] o.s.security.web.FilterChainProxy        : Securing GET /login/oauth2/code/google?state=xISUgrbry8YruKI3S3z53Fmebw6fOIqw9HPKaHfsctY%3D&iss=https%3A%2F%2Faccounts.google.com&code=4%2F0ATsMZqCjYfr75H0prjgMiXTwYjgEFGMz1SDE6r-dagFRWE3TEWEyALwkM5up5YKKHSYDaA&scope=email+profile+https%3A%2F%2Fwww.googleapis.com%2Fauth%2Fuserinfo.profile+https%3A%2F%2Fwww.googleapis.com%2Fauth%2Fuserinfo.email+openid&authuser=1&prompt=consent
2026-08-17T23:33:17.413+05:30  WARN 2620 --- [e-com] [http-nio-8086-exec-1] o.a.c.util.SessionIdGeneratorBase        : Creation of SecureRandom instance for session ID generation using [SHA1PRNG] took [576] milliseconds.
2026-08-17T23:33:17.417+05:30 DEBUG 2620 --- [e-com] [http-nio-8086-exec-1] o.s.s.web.DefaultRedirectStrategy        : Redirecting to /login?error
2026-08-17T23:33:17.434+05:30 DEBUG 2620 --- [e-com] [http-nio-8086-exec-2] o.s.security.web.FilterChainProxy        : Securing GET /login?error
2026-08-17T23:33:17.579+05:30 DEBUG 2620 --- [e-com] [http-nio-8086-exec-4] o.s.security.web.FilterChainProxy        : Securing GET /default-ui.css
2026-08-17T23:33:17.626+05:30 DEBUG 2620 --- [e-com] [http-nio-8086-exec-3] o.s.security.web.FilterChainProxy        : Securing GET /favicon.ico
2026-08-17T23:33:17.628+05:30 DEBUG 2620 --- [e-com] [http-nio-8086-exec-3] o.s.s.w.a.AnonymousAuthenticationFilter  : Set SecurityContextHolder to anonymous SecurityContext
2026-08-17T23:33:17.634+05:30 DEBUG 2620 --- [e-com] [http-nio-8086-exec-3] s.w.a.DelegatingAuthenticationEntryPoint : Trying to match using And [Not [RequestHeaderRequestMatcher [expectedHeaderName=X-Requested-With, expectedHeaderValue=XMLHttpRequest]], Not [And [Or [PathPattern [/login], PathPattern [/favicon.ico]], And [Not [RequestHeaderRequestMatcher [expectedHeaderName=X-Requested-With, expectedHeaderValue=XMLHttpRequest]], MediaTypeRequestMatcher [contentNegotiationStrategy=org.springframework.web.accept.ContentNegotiationManager@21a1790d, matchingMediaTypes=[application/xhtml+xml, image/*, text/html, text/plain], useEquals=false, ignoredMediaTypes=[*/*]]]]], org.springframework.security.config.annotation.web.configurers.oauth2.client.OAuth2LoginConfigurer$$Lambda$2069/0x0000021181c1ecc0@5dbdf03b]
2026-08-17T23:33:17.638+05:30 DEBUG 2620 --- [e-com] [http-nio-8086-exec-3] s.w.a.DelegatingAuthenticationEntryPoint : No match found. Using default entry point org.springframework.security.web.authentication.LoginUrlAuthenticationEntryPoint@66479204
2026-08-17T23:33:17.638+05:30 DEBUG 2620 --- [e-com] [http-nio-8086-exec-3] o.s.s.web.DefaultRedirectStrategy        : Redirecting to /login
2026-08-17T23:33:17.644+05:30 DEBUG 2620 --- [e-com] [http-nio-8086-exec-5] o.s.security.web.FilterChainProxy        : Securing GET /login
2026-08-17T23:33:46.806+05:30 DEBUG 2620 --- [e-com] [http-nio-8086-exec-6] o.s.security.web.FilterChainProxy        : Securing GET /oauth2/authorization/google
2026-08-17T23:33:46.833+05:30 DEBUG 2620 --- [e-com] [http-nio-8086-exec-6] o.s.s.web.DefaultRedirectStrategy        : Redirecting to https://accounts.google.com/o/oauth2/v2/auth?response_type=code&client_id=505869046781-tub17i3p1ceh7n7o2mt95edtdf1mr3a1.apps.googleusercontent.com&scope=profile%20email&state=h4WxHGCIXXg7eXz0I2hycGKbfnBiPwGqsgRBMB05YSs%3D&redirect_uri=http://localhost:8086/login/oauth2/code/google&code_challenge=H7MII2lbRz668r5t6XhD-rBwlF7Kn5kgJjb8SBr63zE&code_challenge_method=S256
2026-08-17T23:37:05.937+05:30  INFO 2620 --- [e-com] [SpringApplicationShutdownHook] o.s.boot.tomcat.GracefulShutdown         : Commencing graceful shutdown. Waiting for active requests to complete
2026-08-17T23:37:06.083+05:30  INFO 2620 --- [e-com] [tomcat-shutdown] o.s.boot.tomcat.GracefulShutdown         : Graceful shutdown complete
2026-08-17T23:37:06.086+05:30  INFO 2620 --- [e-com] [SpringApplicationShutdownHook] j.LocalContainerEntityManagerFactoryBean : Closing JPA EntityManagerFactory for persistence unit 'default'
2026-08-17T23:37:06.086+05:30  INFO 2620 --- [e-com] [SpringApplicationShutdownHook] com.zaxxer.hikari.HikariDataSource       : HikariPool-1 - Shutdown initiated...
2026-08-17T23:37:06.102+05:30  INFO 2620 --- [e-com] [SpringApplicationShutdownHook] com.zaxxer.hikari.HikariDataSource       : HikariPool-1 - Shutdown completed.
